function_index,function_name,start_decoded_offset,start_decoded_offset_hex,end_decoded_offset,end_decoded_offset_hex,size,string_reference_count,native_call_count,constant_count,branch_count,table_block_count,purpose_tags
0,main,0,0x0,2992,0xBB0,2992,38,104,42,280,0,"['disable', 'mission']"
1,Function_1,2992,0xBB0,3013,0xBC5,21,0,5,0,0,0,[]
2,Function_2,3013,0xBC5,3031,0xBD7,18,0,4,0,0,0,[]
3,Function_3,3031,0xBD7,3221,0xC95,190,2,5,8,25,0,[]
4,Function_4,3221,0xC95,3237,0xCA5,16,0,0,0,0,0,[]
5,Function_5,3237,0xCA5,3266,0xCC2,29,0,0,0,0,0,[]
6,Function_6,3266,0xCC2,3296,0xCE0,30,0,0,0,2,0,[]
7,Function_7,3296,0xCE0,3368,0xD28,72,0,1,4,11,0,[]
8,Function_8,3368,0xD28,3394,0xD42,26,0,0,1,1,0,[]
9,Function_9,3394,0xD42,3414,0xD56,20,0,0,0,0,0,[]
10,Function_10,3414,0xD56,3437,0xD6D,23,0,2,0,1,0,[]
11,Function_11,3437,0xD6D,3456,0xD80,19,0,2,0,1,0,[]
12,Function_12,3456,0xD80,3479,0xD97,23,0,2,0,1,0,[]
13,Function_13,3479,0xD97,3620,0xE24,141,2,8,0,4,0,['actor']
14,Function_14,3620,0xE24,3640,0xE38,20,1,1,0,0,0,[]
15,Function_15,3640,0xE38,3681,0xE61,41,0,2,0,1,0,[]
16,Function_16,3681,0xE61,3740,0xE9C,59,0,2,0,5,0,[]
17,Function_17,3740,0xE9C,3755,0xEAB,15,0,0,0,0,0,[]
18,Function_18,3755,0xEAB,3814,0xEE6,59,1,1,2,4,0,[]
19,Function_19,3814,0xEE6,3846,0xF06,32,0,0,0,1,0,[]
20,Function_20,3846,0xF06,3982,0xF8E,136,0,0,2,1,0,[]
21,Function_21,3982,0xF8E,3992,0xF98,10,0,0,0,0,0,[]
22,Function_22,3992,0xF98,4007,0xFA7,15,0,0,0,1,0,[]
23,Function_23,4007,0xFA7,4020,0xFB4,13,0,0,0,1,0,[]
24,Function_24,4020,0xFB4,4035,0xFC3,15,0,0,0,1,0,[]
25,Function_25,4035,0xFC3,4048,0xFD0,13,0,0,0,0,0,[]
26,Function_26,4048,0xFD0,4070,0xFE6,22,0,2,0,1,0,[]
27,Function_27,4070,0xFE6,4115,0x1013,45,0,3,1,3,0,[]
28,Function_28,4115,0x1013,4165,0x1045,50,0,4,1,3,0,[]
29,Function_29,4165,0x1045,4204,0x106C,39,0,1,1,4,0,[]
30,Function_30,4204,0x106C,4242,0x1092,38,0,3,1,3,0,[]
31,Function_31,4242,0x1092,4291,0x10C3,49,1,0,0,3,0,[]
32,Function_32,4291,0x10C3,4355,0x1103,64,2,5,0,2,0,[]
33,Function_33,4355,0x1103,4385,0x1121,30,0,0,0,3,0,[]
34,Function_34,4385,0x1121,4476,0x117C,91,0,5,0,5,0,[]
35,Function_35,4476,0x117C,4498,0x1192,22,0,0,1,1,0,[]
36,Function_36,4498,0x1192,4676,0x1244,178,4,11,0,10,0,[]
37,Function_37,4676,0x1244,4734,0x127E,58,0,4,1,5,0,[]
38,Function_38,4734,0x127E,4774,0x12A6,40,0,0,0,4,0,[]
39,Function_39,4774,0x12A6,4919,0x1337,145,0,10,0,12,0,[]
40,Function_40,4919,0x1337,5232,0x1470,313,1,11,1,11,0,[]
41,Function_41,5232,0x1470,5317,0x14C5,85,0,8,0,0,0,[]
42,Function_42,5317,0x14C5,5343,0x14DF,26,0,1,0,0,0,[]
43,Function_43,5343,0x14DF,5361,0x14F1,18,0,0,0,2,0,[]
44,Function_44,5361,0x14F1,5384,0x1508,23,0,2,0,1,0,[]
45,Function_45,5384,0x1508,5519,0x158F,135,7,7,0,1,0,[]
46,Function_46,5519,0x158F,5543,0x15A7,24,0,0,2,4,0,[]
47,Function_47,5543,0x15A7,5558,0x15B6,15,0,0,0,1,0,[]
48,Function_48,5558,0x15B6,5575,0x15C7,17,0,0,0,1,0,[]
49,Function_49,5575,0x15C7,5595,0x15DB,20,0,0,0,0,0,[]
50,Function_50,5595,0x15DB,5604,0x15E4,9,0,0,0,1,0,[]
51,Function_51,5604,0x15E4,5869,0x16ED,265,11,14,0,8,0,['enable']
52,Function_52,5869,0x16ED,5885,0x16FD,16,0,0,0,1,0,[]
53,Function_53,5885,0x16FD,6382,0x18EE,497,0,20,3,24,0,[]
54,Function_54,6382,0x18EE,6397,0x18FD,15,0,0,0,3,0,[]
55,Function_55,6397,0x18FD,6449,0x1931,52,0,0,4,2,0,[]
56,Function_56,6449,0x1931,6466,0x1942,17,0,0,1,0,0,[]
57,Function_57,6466,0x1942,6562,0x19A2,96,0,0,5,9,0,[]
58,Function_58,6562,0x19A2,6588,0x19BC,26,0,0,0,1,0,[]
59,Function_59,6588,0x19BC,6771,0x1A73,183,4,8,0,11,0,[]
60,Function_60,6771,0x1A73,6808,0x1A98,37,0,4,0,1,0,[]
61,Function_61,6808,0x1A98,6828,0x1AAC,20,0,0,0,1,0,[]
62,Function_62,6828,0x1AAC,6880,0x1AE0,52,1,1,0,0,0,[]
63,Function_63,6880,0x1AE0,6895,0x1AEF,15,0,0,0,0,0,[]
64,Function_64,6895,0x1AEF,6920,0x1B08,25,0,0,0,0,0,[]
65,Function_65,6920,0x1B08,7087,0x1BAF,167,0,11,13,14,0,[]
66,Function_66,7087,0x1BAF,7098,0x1BBA,11,0,1,0,0,0,[]
67,Function_67,7098,0x1BBA,7114,0x1BCA,16,0,0,0,0,0,[]
68,Function_68,7114,0x1BCA,7139,0x1BE3,25,0,0,0,4,0,[]
69,Function_69,7139,0x1BE3,7151,0x1BEF,12,0,0,0,0,0,[]
70,Function_70,7151,0x1BEF,7160,0x1BF8,9,0,1,0,0,0,[]
71,Function_71,7160,0x1BF8,7179,0x1C0B,19,0,0,0,0,0,[]
72,Function_72,7179,0x1C0B,7196,0x1C1C,17,0,0,0,1,0,[]
73,Function_73,7196,0x1C1C,7212,0x1C2C,16,0,0,1,0,0,[]
74,Function_74,7212,0x1C2C,11405,0x2C8D,4193,67,82,43,286,0,"['ped', 'wanted']"
75,Function_75,11405,0x2C8D,11419,0x2C9B,14,0,0,0,1,0,[]
76,Function_76,11419,0x2C9B,11439,0x2CAF,20,0,1,0,2,0,[]
77,Function_77,11439,0x2CAF,11468,0x2CCC,29,0,0,0,2,0,[]
78,Function_78,11468,0x2CCC,11481,0x2CD9,13,0,0,0,2,0,[]
79,Function_79,11481,0x2CD9,11490,0x2CE2,9,0,1,0,0,0,[]
80,Function_80,11490,0x2CE2,11528,0x2D08,38,2,2,0,0,0,[]
81,Function_81,11528,0x2D08,11548,0x2D1C,20,1,1,0,0,0,[]
82,Function_82,11548,0x2D1C,11667,0x2D93,119,0,3,7,16,0,[]
83,Function_83,11667,0x2D93,11875,0x2E63,208,2,3,0,7,0,[]
84,Function_84,11875,0x2E63,11896,0x2E78,21,0,0,0,3,0,[]
85,Function_85,11896,0x2E78,12025,0x2EF9,129,2,2,0,6,0,[]
86,Function_86,12025,0x2EF9,12818,0x3212,793,29,0,0,29,0,"['actor', 'wanted', 'law']"
87,Function_87,12818,0x3212,12979,0x32B3,161,2,2,1,2,0,[]
88,Function_88,12979,0x32B3,13000,0x32C8,21,0,0,1,0,0,[]
89,Function_89,13000,0x32C8,13193,0x3389,193,6,6,7,7,0,[]
90,Function_90,13193,0x3389,13393,0x3451,200,2,3,0,7,0,[]
91,Function_91,13393,0x3451,13406,0x345E,13,0,0,0,1,0,[]
92,Function_92,13406,0x345E,13825,0x3601,419,4,13,2,23,0,[]
93,Function_93,13825,0x3601,13943,0x3677,118,2,5,1,0,0,[]
94,Function_94,13943,0x3677,14266,0x37BA,323,6,7,2,20,0,[]
95,Function_95,14266,0x37BA,14293,0x37D5,27,2,0,0,1,0,[]
96,Function_96,14293,0x37D5,14330,0x37FA,37,0,1,0,4,0,[]
97,Function_97,14330,0x37FA,14340,0x3804,10,0,0,0,0,0,[]
98,Function_98,14340,0x3804,14391,0x3837,51,0,2,1,4,0,[]
99,Function_99,14391,0x3837,14413,0x384D,22,0,1,0,2,0,[]
100,Function_100,14413,0x384D,15591,0x3CE7,1178,18,27,2,32,0,[]
101,Function_101,15591,0x3CE7,15610,0x3CFA,19,0,0,0,1,0,[]
102,Function_102,15610,0x3CFA,15715,0x3D63,105,1,2,0,4,0,[]
103,Function_103,15715,0x3D63,15727,0x3D6F,12,0,0,0,1,0,[]
104,Function_104,15727,0x3D6F,15754,0x3D8A,27,0,0,0,4,0,[]
105,Function_105,15754,0x3D8A,15767,0x3D97,13,0,0,0,1,0,[]
106,Function_106,15767,0x3D97,15874,0x3E02,107,0,3,2,13,0,[]
107,Function_107,15874,0x3E02,16006,0x3E86,132,3,7,0,3,0,['actor']
108,Function_108,16006,0x3E86,16080,0x3ED0,74,0,0,0,6,0,[]
109,Function_109,16080,0x3ED0,16128,0x3F00,48,0,0,1,7,0,[]
110,Function_110,16128,0x3F00,16171,0x3F2B,43,0,0,0,7,0,[]
111,Function_111,16171,0x3F2B,16237,0x3F6D,66,0,1,0,1,0,[]
112,Function_112,16237,0x3F6D,16783,0x418F,546,17,0,0,2,0,[]
113,Function_113,16783,0x418F,16873,0x41E9,90,2,1,0,4,0,[]
114,Function_114,16873,0x41E9,16906,0x420A,33,0,2,1,1,0,[]
115,Function_115,16906,0x420A,16926,0x421E,20,1,1,0,1,0,[]
116,Function_116,16926,0x421E,16951,0x4237,25,0,0,1,0,0,[]
117,Function_117,16951,0x4237,17184,0x4320,233,6,4,1,7,0,[]
118,Function_118,17184,0x4320,17205,0x4335,21,0,2,0,0,0,[]
119,Function_119,17205,0x4335,17338,0x43BA,133,0,4,4,5,0,[]
120,Function_120,17338,0x43BA,17401,0x43F9,63,3,0,0,3,0,[]
121,Function_121,17401,0x43F9,17428,0x4414,27,0,1,1,2,0,[]
122,Function_122,17428,0x4414,17539,0x4483,111,1,6,1,2,0,[]
123,Function_123,17539,0x4483,17854,0x45BE,315,0,9,1,18,0,[]
124,Function_124,17854,0x45BE,17983,0x463F,129,0,7,8,5,0,[]
125,Function_125,17983,0x463F,18004,0x4654,21,0,0,0,0,0,[]
126,Function_126,18004,0x4654,18694,0x4906,690,20,9,1,26,0,[]
127,Function_127,18694,0x4906,19113,0x4AA9,419,16,12,1,16,0,[]
128,Function_128,19113,0x4AA9,19126,0x4AB6,13,0,1,0,0,0,[]
129,Function_129,19126,0x4AB6,19162,0x4ADA,36,0,1,0,2,0,[]
130,Function_130,19162,0x4ADA,20525,0x502D,1363,64,0,0,1,0,[]
131,Function_131,20525,0x502D,20734,0x50FE,209,2,3,0,7,0,[]
132,Function_132,20734,0x50FE,20748,0x510C,14,0,1,0,1,0,[]
133,Function_133,20748,0x510C,20800,0x5140,52,0,5,0,5,0,[]
134,Function_134,20800,0x5140,20889,0x5199,89,0,10,0,3,0,[]
135,Function_135,20889,0x5199,20897,0x51A1,8,0,0,0,0,0,[]
136,Function_136,20897,0x51A1,20929,0x51C1,32,0,0,0,1,0,[]
137,Function_137,20929,0x51C1,21170,0x52B2,241,5,10,1,2,0,[]
138,Function_138,21170,0x52B2,21184,0x52C0,14,0,0,0,0,0,[]
139,Function_139,21184,0x52C0,21379,0x5383,195,1,3,9,22,0,[]
140,Function_140,21379,0x5383,21407,0x539F,28,0,1,0,1,0,[]
141,Function_141,21407,0x539F,21624,0x5478,217,11,0,0,1,0,[]
142,Function_142,21624,0x5478,21747,0x54F3,123,0,2,4,4,0,[]
143,Function_143,21747,0x54F3,21915,0x559B,168,2,3,0,17,0,[]
144,Function_144,21915,0x559B,24719,0x608F,2804,43,84,0,1,0,['spawn']
145,Function_145,24719,0x608F,24792,0x60D8,73,0,0,0,8,0,[]
146,Function_146,24792,0x60D8,26878,0x68FE,2086,32,62,0,1,0,['spawn']
147,Function_147,26878,0x68FE,28362,0x6ECA,1484,23,44,0,1,0,['spawn']
148,Function_148,28362,0x6ECA,29318,0x7286,956,15,28,0,1,0,['spawn']
149,Function_149,29318,0x7286,33249,0x81E1,3931,60,118,0,1,0,['spawn']
150,Function_150,33249,0x81E1,35338,0x8A0A,2089,32,62,0,1,0,['spawn']
151,Function_151,35338,0x8A0A,38076,0x94BC,2738,42,82,0,1,0,['spawn']
152,Function_152,38076,0x94BC,38091,0x94CB,15,0,0,0,1,0,[]
153,Function_153,38091,0x94CB,38104,0x94D8,13,0,0,0,1,0,[]
154,Function_154,38104,0x94D8,38137,0x94F9,33,0,0,0,1,0,[]
155,Function_155,38137,0x94F9,38356,0x95D4,219,11,0,0,1,0,[]
156,Function_156,38356,0x95D4,38380,0x95EC,24,0,0,0,3,0,[]
157,Function_157,38380,0x95EC,38391,0x95F7,11,0,0,0,1,0,[]
158,Function_158,38391,0x95F7,38410,0x960A,19,0,0,0,1,0,[]
159,Function_159,38410,0x960A,38421,0x9615,11,0,0,0,1,0,[]
160,Function_160,38421,0x9615,38433,0x9621,12,0,0,0,0,0,[]
161,Function_161,38433,0x9621,38445,0x962D,12,0,0,1,1,0,[]
162,Function_162,38445,0x962D,38703,0x972F,258,0,2,2,18,0,[]
163,Function_163,38703,0x972F,38783,0x977F,80,0,9,0,6,0,[]
164,Function_164,38783,0x977F,39043,0x9883,260,0,17,3,17,0,[]
165,Function_165,39043,0x9883,39222,0x9936,179,1,8,0,9,0,[]
166,Function_166,39222,0x9936,39377,0x99D1,155,0,2,1,13,0,[]
167,Function_167,39377,0x99D1,39386,0x99DA,9,0,0,0,0,0,[]
168,Function_168,39386,0x99DA,39502,0x9A4E,116,0,2,2,9,0,[]
169,Function_169,39502,0x9A4E,39596,0x9AAC,94,0,0,0,0,0,[]
170,Function_170,39596,0x9AAC,39635,0x9AD3,39,0,2,0,1,0,[]
171,Function_171,39635,0x9AD3,39652,0x9AE4,17,0,1,0,0,0,[]
172,Function_172,39652,0x9AE4,39763,0x9B53,111,0,0,4,17,0,[]
173,Function_173,39763,0x9B53,39791,0x9B6F,28,0,0,0,4,0,[]
174,Function_174,39791,0x9B6F,40125,0x9CBD,334,0,7,3,27,0,[]
175,Function_175,40125,0x9CBD,44414,0xAD7E,4289,26,150,84,386,0,['spawn']
176,Function_176,44414,0xAD7E,44442,0xAD9A,28,0,2,0,1,0,[]
177,Function_177,44442,0xAD9A,44683,0xAE8B,241,3,5,2,12,0,[]
178,Function_178,44683,0xAE8B,44697,0xAE99,14,0,1,0,1,0,[]
179,Function_179,44697,0xAE99,44861,0xAF3D,164,6,4,0,10,0,[]
180,Function_180,44861,0xAF3D,44947,0xAF93,86,0,10,3,5,0,[]
181,Function_181,44947,0xAF93,44964,0xAFA4,17,0,1,0,0,0,[]
182,Function_182,44964,0xAFA4,44974,0xAFAE,10,0,0,0,1,0,[]
183,Function_183,44974,0xAFAE,45037,0xAFED,63,0,3,1,5,0,[]
184,Function_184,45037,0xAFED,45128,0xB048,91,1,2,1,6,0,[]
185,Function_185,45128,0xB048,45156,0xB064,28,0,0,0,2,0,[]
186,Function_186,45156,0xB064,45184,0xB080,28,0,0,0,3,0,[]
187,Function_187,45184,0xB080,45199,0xB08F,15,0,0,0,0,0,[]
188,Function_188,45199,0xB08F,45250,0xB0C2,51,0,3,0,3,0,[]
189,Function_189,45250,0xB0C2,45989,0xB3A5,739,4,33,6,53,0,[]
190,Function_190,45989,0xB3A5,46024,0xB3C8,35,0,0,0,5,0,[]
191,Function_191,46024,0xB3C8,46055,0xB3E7,31,0,2,0,1,0,[]
192,Function_192,46055,0xB3E7,46067,0xB3F3,12,0,1,0,0,0,[]
193,Function_193,46067,0xB3F3,46078,0xB3FE,11,0,0,1,1,0,[]
194,Function_194,46078,0xB3FE,46124,0xB42C,46,0,1,1,3,0,[]
195,Function_195,46124,0xB42C,46158,0xB44E,34,0,1,0,2,0,[]
196,Function_196,46158,0xB44E,46176,0xB460,18,0,0,0,2,0,[]
197,Function_197,46176,0xB460,46202,0xB47A,26,0,0,0,2,0,[]
198,Function_198,46202,0xB47A,46221,0xB48D,19,0,0,0,0,0,[]
199,Function_199,46221,0xB48D,46388,0xB534,167,2,5,3,16,0,[]
200,Function_200,46388,0xB534,46516,0xB5B4,128,0,7,0,10,0,[]
201,Function_201,46516,0xB5B4,46897,0xB731,381,0,16,14,29,0,[]
202,Function_202,46897,0xB731,46912,0xB740,15,0,0,0,1,0,[]
203,Function_203,46912,0xB740,46963,0xB773,51,0,0,1,5,0,[]
204,Function_204,46963,0xB773,47038,0xB7BE,75,0,3,1,6,0,[]
205,Function_205,47038,0xB7BE,47195,0xB85B,157,4,8,0,10,0,[]
206,Function_206,47195,0xB85B,47570,0xB9D2,375,3,18,6,24,0,['spawn']
207,Function_207,47570,0xB9D2,47632,0xBA10,62,3,4,0,0,0,[]
208,Function_208,47632,0xBA10,47682,0xBA42,50,0,0,0,6,0,[]
209,Function_209,47682,0xBA42,47819,0xBACB,137,0,0,4,12,0,[]
210,Function_210,47819,0xBACB,48486,0xBD66,667,5,13,2,8,0,[]
211,Function_211,48486,0xBD66,50069,0xC395,1583,29,37,14,65,0,[]
212,Function_212,50069,0xC395,50086,0xC3A6,17,0,0,0,0,0,[]
213,Function_213,50086,0xC3A6,50187,0xC40B,101,0,2,2,3,0,[]
214,Function_214,50187,0xC40B,50205,0xC41D,18,0,0,0,1,0,[]
215,Function_215,50205,0xC41D,50223,0xC42F,18,0,0,0,1,0,[]
216,Function_216,50223,0xC42F,50527,0xC55F,304,1,5,4,13,0,[]
217,Function_217,50527,0xC55F,50542,0xC56E,15,0,0,0,0,0,[]
218,Function_218,50542,0xC56E,50599,0xC5A7,57,1,1,0,1,0,[]
219,Function_219,50599,0xC5A7,50660,0xC5E4,61,1,1,0,1,0,[]
220,Function_220,50660,0xC5E4,51070,0xC77E,410,4,8,0,4,0,[]
221,Function_221,51070,0xC77E,51650,0xC9C2,580,4,4,5,11,0,[]
222,Function_222,51650,0xC9C2,51715,0xCA03,65,1,2,0,1,0,[]
223,Function_223,51715,0xCA03,52222,0xCBFE,507,4,10,2,10,0,[]
224,Function_224,52222,0xCBFE,52246,0xCC16,24,0,0,0,2,0,[]
225,Function_225,52246,0xCC16,52267,0xCC2B,21,0,0,0,1,0,[]
226,Function_226,52267,0xCC2B,52531,0xCD33,264,0,33,5,10,0,[]
227,Function_227,52531,0xCD33,52547,0xCD43,16,0,0,1,1,0,[]
228,Function_228,52547,0xCD43,52600,0xCD78,53,1,1,4,1,0,[]
229,Function_229,52600,0xCD78,52621,0xCD8D,21,0,2,0,1,0,[]
230,Function_230,52621,0xCD8D,52804,0xCE44,183,1,10,0,9,0,[]
231,Function_231,52804,0xCE44,52830,0xCE5E,26,0,1,0,1,0,[]
232,Function_232,52830,0xCE5E,52865,0xCE81,35,0,4,0,0,0,[]
233,Function_233,52865,0xCE81,52904,0xCEA8,39,0,2,0,1,0,[]
234,Function_234,52904,0xCEA8,52921,0xCEB9,17,0,1,0,0,0,[]
235,Function_235,52921,0xCEB9,52962,0xCEE2,41,0,4,0,2,0,[]
236,Function_236,52962,0xCEE2,52987,0xCEFB,25,0,0,2,4,0,[]
237,Function_237,52987,0xCEFB,53494,0xD0F6,507,1,26,8,25,0,[]
238,Function_238,53494,0xD0F6,53559,0xD137,65,0,7,0,0,0,[]
239,Function_239,53559,0xD137,53964,0xD2CC,405,2,19,2,17,0,[]
240,Function_240,53964,0xD2CC,53978,0xD2DA,14,0,0,0,1,0,[]
241,Function_241,53978,0xD2DA,53999,0xD2EF,21,0,1,0,0,0,[]
242,Function_242,53999,0xD2EF,54129,0xD371,130,2,8,0,8,0,[]
243,Function_243,54129,0xD371,54412,0xD48C,283,0,23,0,6,0,[]
244,Function_244,54412,0xD48C,54689,0xD5A1,277,1,25,3,0,0,[]
245,Function_245,54689,0xD5A1,54970,0xD6BA,281,1,25,3,0,0,[]
246,Function_246,54970,0xD6BA,55236,0xD7C4,266,1,23,3,0,0,[]
247,Function_247,55236,0xD7C4,55498,0xD8CA,262,1,23,3,0,0,[]
248,Function_248,55498,0xD8CA,55674,0xD97A,176,0,15,3,0,0,[]
249,Function_249,55674,0xD97A,55857,0xDA31,183,0,16,3,0,0,[]
250,Function_250,55857,0xDA31,55976,0xDAA8,119,2,8,0,8,0,[]
251,Function_251,55976,0xDAA8,56084,0xDB14,108,0,9,0,2,0,[]
252,Function_252,56084,0xDB14,56278,0xDBD6,194,0,11,0,4,0,[]
253,Function_253,56278,0xDBD6,56472,0xDC98,194,0,11,0,4,0,[]
254,Function_254,56472,0xDC98,57278,0xDFBE,806,27,35,7,24,0,[]
255,Function_255,57278,0xDFBE,57444,0xE064,166,2,6,3,9,0,[]
256,Function_256,57444,0xE064,57461,0xE075,17,0,0,1,0,0,[]
257,Function_257,57461,0xE075,57487,0xE08F,26,0,0,0,3,0,[]
258,Function_258,57487,0xE08F,57611,0xE10B,124,2,10,0,8,0,[]
259,Function_259,57611,0xE10B,57623,0xE117,12,0,0,0,0,0,[]
260,Function_260,57623,0xE117,57636,0xE124,13,0,0,0,0,0,[]
261,Function_261,57636,0xE124,57655,0xE137,19,0,0,0,2,0,[]
262,Function_262,57655,0xE137,57696,0xE160,41,0,2,0,1,0,[]
263,Function_263,57696,0xE160,57712,0xE170,16,0,0,0,0,0,[]
264,Function_264,57712,0xE170,57783,0xE1B7,71,0,1,1,6,0,[]
265,Function_265,57783,0xE1B7,57798,0xE1C6,15,0,0,0,1,0,[]
266,Function_266,57798,0xE1C6,57813,0xE1D5,15,0,0,0,1,0,[]
267,Function_267,57813,0xE1D5,57835,0xE1EB,22,0,1,0,1,0,[]
268,Function_268,57835,0xE1EB,57889,0xE221,54,0,0,1,5,0,[]
269,Function_269,57889,0xE221,57903,0xE22F,14,1,1,0,0,0,[]
270,Function_270,57903,0xE22F,57921,0xE241,18,0,0,1,0,0,[]
271,Function_271,57921,0xE241,57944,0xE258,23,0,2,0,2,0,[]
272,Function_272,57944,0xE258,58012,0xE29C,68,0,1,1,9,0,[]
273,Function_273,58012,0xE29C,58022,0xE2A6,10,0,0,0,1,0,[]
274,Function_274,58022,0xE2A6,58041,0xE2B9,19,0,0,0,1,0,[]
275,Function_275,58041,0xE2B9,58053,0xE2C5,12,0,0,1,0,0,[]
276,Function_276,58053,0xE2C5,58064,0xE2D0,11,0,0,0,0,0,[]
277,Function_277,58064,0xE2D0,58074,0xE2DA,10,0,0,0,1,0,[]
278,Function_278,58074,0xE2DA,58091,0xE2EB,17,0,0,0,1,0,[]
279,Function_279,58091,0xE2EB,58170,0xE33A,79,2,2,1,3,0,[]
280,Function_280,58170,0xE33A,58184,0xE348,14,0,0,0,1,0,[]
281,Function_281,58184,0xE348,58219,0xE36B,35,0,0,1,0,0,[]
282,Function_282,58219,0xE36B,58233,0xE379,14,0,0,0,1,0,[]
283,Function_283,58233,0xE379,58260,0xE394,27,0,0,1,0,0,[]
284,Function_284,58260,0xE394,58274,0xE3A2,14,0,0,0,1,0,[]
285,Function_285,58274,0xE3A2,58302,0xE3BE,28,0,0,0,2,0,[]
286,Function_286,58302,0xE3BE,58377,0xE409,75,0,7,0,8,0,[]
287,Function_287,58377,0xE409,58448,0xE450,71,0,1,1,7,0,[]
288,Function_288,58448,0xE450,58464,0xE460,16,0,0,0,0,0,[]
289,Function_289,58464,0xE460,58498,0xE482,34,0,1,1,1,0,[]
290,Function_290,58498,0xE482,58515,0xE493,17,0,0,0,1,0,[]
291,Function_291,58515,0xE493,58924,0xE62C,409,11,12,11,37,0,['enable']
292,Function_292,58924,0xE62C,59300,0xE7A4,376,9,18,7,26,0,[]
293,Function_293,59300,0xE7A4,59317,0xE7B5,17,0,0,0,1,0,[]
294,Function_294,59317,0xE7B5,59418,0xE81A,101,2,5,1,3,0,[]
295,Function_295,59418,0xE81A,59444,0xE834,26,0,2,1,2,0,[]
296,Function_296,59444,0xE834,59457,0xE841,13,0,0,0,1,0,[]
297,Function_297,59457,0xE841,59464,0xE848,7,0,0,0,0,0,[]
298,Function_298,59464,0xE848,59913,0xEA09,449,6,14,14,37,0,[]
299,Function_299,59913,0xEA09,60102,0xEAC6,189,2,4,4,7,0,[]
300,Function_300,60102,0xEAC6,60121,0xEAD9,19,0,0,0,0,0,[]
301,Function_301,60121,0xEAD9,60154,0xEAFA,33,0,2,0,4,0,[]
302,Function_302,60154,0xEAFA,60445,0xEC1D,291,8,11,1,17,0,[]
303,Function_303,60445,0xEC1D,60506,0xEC5A,61,0,2,5,9,0,[]
304,Function_304,60506,0xEC5A,60635,0xECDB,129,2,5,3,10,0,[]
305,Function_305,60635,0xECDB,60772,0xED64,137,1,4,3,10,0,[]
306,Function_306,60772,0xED64,60792,0xED78,20,0,0,1,1,0,[]
307,Function_307,60792,0xED78,60861,0xEDBD,69,1,2,3,3,0,[]
308,Function_308,60861,0xEDBD,60913,0xEDF1,52,0,4,0,5,0,[]
309,Function_309,60913,0xEDF1,61082,0xEE9A,169,0,8,9,21,0,[]
310,Function_310,61082,0xEE9A,61652,0xF0D4,570,0,6,18,63,0,[]
311,Function_311,61652,0xF0D4,61713,0xF111,61,0,2,0,4,0,[]
312,Function_312,61713,0xF111,61776,0xF150,63,0,3,1,4,0,[]
313,Function_313,61776,0xF150,61864,0xF1A8,88,0,3,3,8,0,[]
314,Function_314,61864,0xF1A8,61937,0xF1F1,73,0,1,4,8,0,[]
315,Function_315,61937,0xF1F1,62094,0xF28E,157,0,7,2,15,0,[]
316,Function_316,62094,0xF28E,62105,0xF299,11,0,1,0,0,0,[]
317,Function_317,62105,0xF299,62129,0xF2B1,24,0,0,0,3,0,[]
318,Function_318,62129,0xF2B1,62255,0xF32F,126,0,9,3,9,0,[]
319,Function_319,62255,0xF32F,62264,0xF338,9,0,0,0,1,0,[]
320,Function_320,62264,0xF338,62431,0xF3DF,167,0,2,2,17,0,[]
321,Function_321,62431,0xF3DF,62580,0xF474,149,0,8,0,7,0,[]
322,Function_322,62580,0xF474,62970,0xF5FA,390,2,11,6,17,0,[]
323,Function_323,62970,0xF5FA,63047,0xF647,77,0,7,0,4,0,[]
324,Function_324,63047,0xF647,63115,0xF68B,68,0,0,1,1,0,[]
325,Function_325,63115,0xF68B,63760,0xF910,645,11,2,21,53,0,[]
326,Function_326,63760,0xF910,63862,0xF976,102,0,0,0,8,0,[]
327,Function_327,63862,0xF976,63910,0xF9A6,48,0,0,4,2,0,[]
328,Function_328,63910,0xF9A6,63956,0xF9D4,46,0,0,4,2,0,[]
329,Function_329,63956,0xF9D4,63982,0xF9EE,26,0,2,0,1,0,[]
330,Function_330,63982,0xF9EE,64006,0xFA06,24,0,0,0,3,0,[]
331,Function_331,64006,0xFA06,64235,0xFAEB,229,1,1,3,13,0,[]
332,Function_332,64235,0xFAEB,64259,0xFB03,24,0,0,0,2,0,[]
333,Function_333,64259,0xFB03,64299,0xFB2B,40,0,0,0,3,0,[]
334,Function_334,64299,0xFB2B,64471,0xFBD7,172,2,2,4,17,0,[]
335,Function_335,64471,0xFBD7,64489,0xFBE9,18,0,0,0,1,0,[]
336,Function_336,64489,0xFBE9,64522,0xFC0A,33,1,3,0,1,0,[]
337,Function_337,64522,0xFC0A,64540,0xFC1C,18,0,0,0,1,0,[]
338,Function_338,64540,0xFC1C,64757,0xFCF5,217,0,13,7,27,0,[]
339,Function_339,64757,0xFCF5,64770,0xFD02,13,0,0,0,0,0,[]
340,Function_340,64770,0xFD02,64788,0xFD14,18,0,0,0,1,0,[]
341,Function_341,64788,0xFD14,65061,0xFE25,273,12,12,0,4,0,[]
342,Function_342,65061,0xFE25,65306,0xFF1A,245,7,3,6,11,0,[]
343,Function_343,65306,0xFF1A,65650,0x10072,344,0,0,42,56,0,[]
344,Function_344,65650,0x10072,65839,0x1012F,189,0,9,3,16,0,[]
345,Function_345,65839,0x1012F,65871,0x1014F,32,1,0,0,1,0,[]
346,Function_346,65871,0x1014F,65917,0x1017D,46,1,0,0,0,0,[]
347,Function_347,65917,0x1017D,65965,0x101AD,48,1,0,0,0,0,[]
348,Function_348,65965,0x101AD,66014,0x101DE,49,1,0,0,0,0,[]
349,Function_349,66014,0x101DE,66396,0x1035C,382,0,0,0,3,0,[]
350,Function_350,66396,0x1035C,66416,0x10370,20,0,0,0,1,0,[]
351,Function_351,66416,0x10370,66429,0x1037D,13,0,0,0,0,0,[]
352,Function_352,66429,0x1037D,66463,0x1039F,34,0,0,1,2,0,[]
353,Function_353,66463,0x1039F,66564,0x10404,101,0,0,1,8,0,[]
354,Function_354,66564,0x10404,66603,0x1042B,39,0,0,0,3,0,[]
355,Function_355,66603,0x1042B,66655,0x1045F,52,0,0,4,3,0,[]
356,Function_356,66655,0x1045F,66783,0x104DF,128,0,0,2,2,0,[]
357,Function_357,66783,0x104DF,66969,0x10599,186,0,0,19,4,0,[]
358,Function_358,66969,0x10599,67239,0x106A7,270,1,2,0,16,0,[]
359,Function_359,67239,0x106A7,67369,0x10729,130,0,6,3,10,0,[]
360,Function_360,67369,0x10729,67474,0x10792,105,0,0,12,16,0,[]
361,Function_361,67474,0x10792,67577,0x107F9,103,4,0,8,8,0,[]
362,Function_362,67577,0x107F9,67643,0x1083B,66,2,0,0,2,0,[]
363,Function_363,67643,0x1083B,67707,0x1087B,64,2,0,0,2,0,[]
364,Function_364,67707,0x1087B,67763,0x108B3,56,2,0,0,2,0,[]
365,Function_365,67763,0x108B3,68035,0x109C3,272,0,4,1,17,0,[]
366,Function_366,68035,0x109C3,68097,0x10A01,62,0,3,0,2,0,[]
367,Function_367,68097,0x10A01,68120,0x10A18,23,1,0,0,0,0,[]
368,Function_368,68120,0x10A18,68140,0x10A2C,20,0,1,0,0,0,[]
369,Function_369,68140,0x10A2C,68160,0x10A40,20,0,0,0,1,0,[]
370,Function_370,68160,0x10A40,68216,0x10A78,56,2,0,0,2,0,[]
371,Function_371,68216,0x10A78,68496,0x10B90,280,0,4,22,7,0,[]
372,Function_372,68496,0x10B90,68767,0x10C9F,271,1,2,0,16,0,[]
373,Function_373,68767,0x10C9F,68941,0x10D4D,174,0,0,21,28,0,[]
374,Function_374,68941,0x10D4D,69121,0x10E01,180,7,0,14,14,0,[]
375,Function_375,69121,0x10E01,69175,0x10E37,54,2,0,0,2,0,[]
376,Function_376,69175,0x10E37,69236,0x10E74,61,2,0,0,2,0,[]
377,Function_377,69236,0x10E74,69284,0x10EA4,48,2,0,0,2,0,[]
378,Function_378,69284,0x10EA4,69328,0x10ED0,44,2,0,0,2,0,[]
379,Function_379,69328,0x10ED0,69382,0x10F06,54,2,0,0,2,0,[]
380,Function_380,69382,0x10F06,69446,0x10F46,64,2,0,0,2,0,[]
381,Function_381,69446,0x10F46,69492,0x10F74,46,2,0,0,2,0,[]
382,Function_382,69492,0x10F74,69734,0x11066,242,0,0,12,6,0,[]
383,Function_383,69734,0x11066,70004,0x11174,270,1,2,0,16,0,[]
384,Function_384,70004,0x11174,70154,0x1120A,150,0,0,18,24,0,[]
385,Function_385,70154,0x1120A,70303,0x1129F,149,6,0,12,12,0,[]
386,Function_386,70303,0x1129F,70364,0x112DC,61,2,0,0,2,0,[]
387,Function_387,70364,0x112DC,70410,0x1130A,46,2,0,0,2,0,[]
388,Function_388,70410,0x1130A,70456,0x11338,46,2,0,0,2,0,[]
389,Function_389,70456,0x11338,70504,0x11368,48,2,0,0,2,0,[]
390,Function_390,70504,0x11368,70562,0x113A2,58,2,0,0,2,0,[]
391,Function_391,70562,0x113A2,70616,0x113D8,54,2,0,0,2,0,[]
392,Function_392,70616,0x113D8,70827,0x114AB,211,0,3,11,4,0,[]
393,Function_393,70827,0x114AB,71097,0x115B9,270,1,2,0,16,0,[]
394,Function_394,71097,0x115B9,71199,0x1161F,102,0,0,12,16,0,[]
395,Function_395,71199,0x1161F,71299,0x11683,100,4,0,8,8,0,[]
396,Function_396,71299,0x11683,71325,0x1169D,26,1,0,0,0,0,[]
397,Function_397,71325,0x1169D,71347,0x116B3,22,1,0,0,0,0,[]
398,Function_398,71347,0x116B3,71419,0x116FB,72,0,0,8,2,0,[]
399,Function_399,71419,0x116FB,71672,0x117F8,253,1,2,0,15,0,[]
400,Function_400,71672,0x117F8,71726,0x1182E,54,0,0,6,8,0,[]
401,Function_401,71726,0x1182E,71777,0x11861,51,2,0,2,4,0,[]
402,Function_402,71777,0x11861,71802,0x1187A,25,1,0,0,0,0,[]
403,Function_403,71802,0x1187A,71823,0x1188F,21,1,0,0,0,0,[]
404,Function_404,71823,0x1188F,71931,0x118FB,108,3,3,0,4,0,[]
405,Function_405,71931,0x118FB,71961,0x11919,30,0,2,0,2,0,[]
406,Function_406,71961,0x11919,72081,0x11991,120,0,0,10,4,0,[]
407,Function_407,72081,0x11991,72183,0x119F7,102,0,0,12,16,0,[]
408,Function_408,72183,0x119F7,72276,0x11A54,93,4,0,4,8,0,[]
409,Function_409,72276,0x11A54,72300,0x11A6C,24,1,0,0,0,0,[]
410,Function_410,72300,0x11A6C,72326,0x11A86,26,1,0,0,0,0,[]
411,Function_411,72326,0x11A86,72346,0x11A9A,20,0,0,0,3,0,[]
412,Function_412,72346,0x11A9A,72442,0x11AFA,96,0,0,2,2,0,[]
413,Function_413,72442,0x11AFA,73145,0x11DB9,703,33,0,27,62,0,[]
414,Function_414,73145,0x11DB9,73327,0x11E6F,182,3,8,3,10,0,[]
415,Function_415,73327,0x11E6F,73404,0x11EBC,77,2,3,0,1,0,['mission']
416,Function_416,73404,0x11EBC,73465,0x11EF9,61,0,4,0,1,0,[]
417,Function_417,73465,0x11EF9,73518,0x11F2E,53,2,1,0,0,0,[]
418,Function_418,73518,0x11F2E,73565,0x11F5D,47,0,3,0,2,0,[]
419,Function_419,73565,0x11F5D,73626,0x11F9A,61,0,0,0,6,0,[]
420,Function_420,73626,0x11F9A,73649,0x11FB1,23,0,0,1,1,0,[]
421,Function_421,73649,0x11FB1,73675,0x11FCB,26,0,0,0,2,0,[]
422,Function_422,73675,0x11FCB,73697,0x11FE1,22,0,0,1,1,0,[]
423,Function_423,73697,0x11FE1,73739,0x1200B,42,1,1,0,0,0,[]
424,Function_424,73739,0x1200B,73806,0x1204E,67,0,0,1,1,0,[]
425,Function_425,73806,0x1204E,73900,0x120AC,94,0,0,1,7,0,[]
426,Function_426,73900,0x120AC,74241,0x12201,341,8,22,4,11,0,[]
427,Function_427,74241,0x12201,74303,0x1223F,62,0,0,1,4,0,[]
428,Function_428,74303,0x1223F,74324,0x12254,21,0,0,0,1,0,[]
429,Function_429,74324,0x12254,74356,0x12274,32,0,2,4,0,0,[]
430,Function_430,74356,0x12274,74538,0x1232A,182,3,8,3,10,0,[]
431,Function_431,74538,0x1232A,74599,0x12367,61,0,4,0,1,0,[]
432,Function_432,74599,0x12367,74652,0x1239C,53,2,1,0,0,0,[]
433,Function_433,74652,0x1239C,74699,0x123CB,47,0,3,0,2,0,[]
434,Function_434,74699,0x123CB,74741,0x123F5,42,1,1,0,0,0,[]
435,Function_435,74741,0x123F5,74808,0x12438,67,0,0,1,1,0,[]
436,Function_436,74808,0x12438,74833,0x12451,25,1,0,0,0,0,[]
437,Function_437,74833,0x12451,74854,0x12466,21,1,0,0,0,0,[]
438,Function_438,74854,0x12466,74879,0x1247F,25,1,0,0,0,0,[]
439,Function_439,74879,0x1247F,74904,0x12498,25,1,0,0,0,0,[]
440,Function_440,74904,0x12498,74925,0x124AD,21,1,0,0,0,0,[]
441,Function_441,74925,0x124AD,74946,0x124C2,21,1,0,0,0,0,[]
442,Function_442,74946,0x124C2,74967,0x124D7,21,1,0,0,0,0,[]
443,Function_443,74967,0x124D7,75336,0x12648,369,1,2,3,24,0,[]
444,Function_444,75336,0x12648,75451,0x126BB,115,0,6,0,10,0,[]
445,Function_445,75451,0x126BB,75544,0x12718,93,3,2,0,6,0,[]
446,Function_446,75544,0x12718,75658,0x1278A,114,2,2,0,3,0,[]
447,Function_447,75658,0x1278A,75766,0x127F6,108,2,0,0,3,0,[]
448,Function_448,75766,0x127F6,75901,0x1287D,135,1,6,0,13,0,[]
449,Function_449,75901,0x1287D,75950,0x128AE,49,0,0,0,5,0,[]
450,Function_450,75950,0x128AE,76000,0x128E0,50,0,0,0,5,0,[]
451,Function_451,76000,0x128E0,76127,0x1295F,127,0,6,0,6,0,[]
452,Function_452,76127,0x1295F,76575,0x12B1F,448,4,17,5,26,0,[]
453,Function_453,76575,0x12B1F,76808,0x12C08,233,4,11,0,8,0,[]
454,Function_454,76808,0x12C08,76863,0x12C3F,55,1,3,0,2,0,[]
455,Function_455,76863,0x12C3F,76908,0x12C6C,45,0,2,0,2,0,[]
456,Function_456,76908,0x12C6C,76953,0x12C99,45,0,0,0,4,0,[]
457,Function_457,76953,0x12C99,77135,0x12D4F,182,2,7,1,11,0,[]
458,Function_458,77135,0x12D4F,77228,0x12DAC,93,2,4,0,2,0,['mission']
459,Function_459,77228,0x12DAC,77288,0x12DE8,60,2,0,0,0,0,[]
460,Function_460,77288,0x12DE8,77303,0x12DF7,15,0,0,0,3,0,[]
461,Function_461,77303,0x12DF7,79983,0x1386F,2680,0,105,312,93,0,[]
462,Function_462,79983,0x1386F,80153,0x13919,170,0,6,0,10,0,[]
463,Function_463,80153,0x13919,80548,0x13AA4,395,9,18,4,21,0,[]
464,Function_464,80548,0x13AA4,85511,0x14E07,4963,221,0,213,442,0,[]
465,Function_465,85511,0x14E07,85538,0x14E22,27,1,0,0,0,0,[]
466,Function_466,85538,0x14E22,85566,0x14E3E,28,1,0,0,0,0,[]
467,Function_467,85566,0x14E3E,85595,0x14E5B,29,1,0,0,0,0,[]
468,Function_468,85595,0x14E5B,85623,0x14E77,28,1,0,0,0,0,[]
469,Function_469,85623,0x14E77,85649,0x14E91,26,1,0,0,0,0,[]
470,Function_470,85649,0x14E91,85675,0x14EAB,26,1,0,0,0,0,[]
471,Function_471,85675,0x14EAB,85700,0x14EC4,25,1,0,0,0,0,[]
472,Function_472,85700,0x14EC4,85718,0x14ED6,18,1,0,0,0,0,[]
473,Function_473,85718,0x14ED6,85747,0x14EF3,29,1,0,0,0,0,[]
474,Function_474,85747,0x14EF3,85772,0x14F0C,25,1,0,0,0,0,[]
475,Function_475,85772,0x14F0C,85801,0x14F29,29,1,0,0,0,0,[]
476,Function_476,85801,0x14F29,85828,0x14F44,27,1,0,0,0,0,[]
477,Function_477,85828,0x14F44,85856,0x14F60,28,1,0,0,0,0,[]
478,Function_478,85856,0x14F60,85884,0x14F7C,28,1,0,0,0,0,[]
479,Function_479,85884,0x14F7C,85904,0x14F90,20,1,0,0,0,0,[]
480,Function_480,85904,0x14F90,85930,0x14FAA,26,1,0,0,0,0,[]
481,Function_481,85930,0x14FAA,85957,0x14FC5,27,1,0,0,0,0,[]
482,Function_482,85957,0x14FC5,85977,0x14FD9,20,1,0,0,0,0,[]
483,Function_483,85977,0x14FD9,85996,0x14FEC,19,1,0,0,0,0,[]
484,Function_484,85996,0x14FEC,86032,0x15010,36,0,0,0,3,0,[]
485,Function_485,86032,0x15010,86092,0x1504C,60,2,0,0,0,0,[]
486,Function_486,86092,0x1504C,86155,0x1508B,63,0,6,0,6,0,[]
487,Function_487,86155,0x1508B,86205,0x150BD,50,0,3,0,6,0,[]
488,Function_488,86205,0x150BD,86220,0x150CC,15,0,1,0,0,0,[]
489,Function_489,86220,0x150CC,86311,0x15127,91,0,0,4,12,0,[]
490,Function_490,86311,0x15127,86380,0x1516C,69,0,0,1,5,0,[]
491,Function_491,86380,0x1516C,86924,0x1538C,544,4,11,1,10,0,[]
492,Function_492,86924,0x1538C,86949,0x153A5,25,0,0,1,1,0,[]
493,Function_493,86949,0x153A5,86961,0x153B1,12,0,0,0,0,0,[]
494,Function_494,86961,0x153B1,87130,0x1545A,169,0,9,1,16,0,[]
495,Function_495,87130,0x1545A,87166,0x1547E,36,0,2,0,1,0,[]
496,Function_496,87166,0x1547E,87225,0x154B9,59,0,1,0,7,0,[]
497,Function_497,87225,0x154B9,87416,0x15578,191,2,3,0,6,0,[]
498,Function_498,87416,0x15578,87429,0x15585,13,0,0,0,1,0,[]
499,Function_499,87429,0x15585,87531,0x155EB,102,0,2,2,8,0,[]
500,Function_500,87531,0x155EB,87605,0x15635,74,0,0,1,10,0,[]
501,Function_501,87605,0x15635,87685,0x15685,80,0,0,4,10,0,[]
502,Function_502,87685,0x15685,87713,0x156A1,28,0,0,0,3,0,[]
503,Function_503,87713,0x156A1,87730,0x156B2,17,0,0,1,2,0,[]
504,Function_504,87730,0x156B2,87761,0x156D1,31,0,0,3,1,0,[]
505,Function_505,87761,0x156D1,87775,0x156DF,14,0,0,1,1,0,[]
506,Function_506,87775,0x156DF,87793,0x156F1,18,0,2,1,0,0,[]
507,Function_507,87793,0x156F1,87851,0x1572B,58,2,3,0,0,0,[]
508,Function_508,87851,0x1572B,87896,0x15758,45,0,0,2,4,0,[]
509,Function_509,87896,0x15758,87908,0x15764,12,0,0,0,2,0,[]
510,Function_510,87908,0x15764,87953,0x15791,45,0,0,2,4,0,[]
511,Function_511,87953,0x15791,87976,0x157A8,23,0,0,1,1,0,[]
512,Function_512,87976,0x157A8,88023,0x157D7,47,0,1,2,4,0,[]
513,Function_513,88023,0x157D7,88440,0x15978,417,0,0,75,52,0,[]
514,Function_514,88440,0x15978,88458,0x1598A,18,0,0,0,0,0,[]
515,Function_515,88458,0x1598A,88528,0x159D0,70,0,0,2,5,0,[]
516,Function_516,88528,0x159D0,88653,0x15A4D,125,0,0,3,8,0,[]
517,Function_517,88653,0x15A4D,88692,0x15A74,39,0,0,1,3,0,[]
518,Function_518,88692,0x15A74,88713,0x15A89,21,0,0,0,1,0,[]
519,Function_519,88713,0x15A89,89333,0x15CF5,620,5,9,2,8,0,[]
520,Function_520,89333,0x15CF5,89501,0x15D9D,168,0,16,8,11,0,[]
521,Function_521,89501,0x15D9D,89779,0x15EB3,278,0,0,12,29,0,[]
522,Function_522,89779,0x15EB3,89803,0x15ECB,24,0,0,0,1,0,[]
523,Function_523,89803,0x15ECB,89815,0x15ED7,12,0,0,0,0,0,[]
524,Function_524,89815,0x15ED7,89833,0x15EE9,18,0,0,0,0,0,[]
525,Function_525,89833,0x15EE9,89851,0x15EFB,18,0,0,0,0,0,[]
526,Function_526,89851,0x15EFB,89869,0x15F0D,18,0,0,0,0,0,[]
527,Function_527,89869,0x15F0D,89904,0x15F30,35,0,0,0,3,0,[]
528,Function_528,89904,0x15F30,89922,0x15F42,18,0,0,0,1,0,[]
529,Function_529,89922,0x15F42,89939,0x15F53,17,0,0,0,0,0,[]
530,Function_530,89939,0x15F53,89963,0x15F6B,24,0,0,0,1,0,[]
531,Function_531,89963,0x15F6B,89986,0x15F82,23,0,0,0,1,0,[]
532,Function_532,89986,0x15F82,90021,0x15FA5,35,0,0,0,3,0,[]
533,Function_533,90021,0x15FA5,90063,0x15FCF,42,0,2,0,2,0,[]
534,Function_534,90063,0x15FCF,90079,0x15FDF,16,0,0,1,0,0,[]
535,Function_535,90079,0x15FDF,90103,0x15FF7,24,0,0,0,1,0,[]
536,Function_536,90103,0x15FF7,90124,0x1600C,21,0,0,0,1,0,[]
537,Function_537,90124,0x1600C,90136,0x16018,12,0,0,0,0,0,[]
538,Function_538,90136,0x16018,90164,0x16034,28,0,0,0,4,0,[]
539,Function_539,90164,0x16034,90196,0x16054,32,0,0,1,3,0,[]
540,Function_540,90196,0x16054,90210,0x16062,14,0,0,0,1,0,[]
541,Function_541,90210,0x16062,90255,0x1608F,45,0,0,1,4,0,[]
542,Function_542,90255,0x1608F,90269,0x1609D,14,0,0,0,1,0,[]
543,Function_543,90269,0x1609D,90296,0x160B8,27,0,0,1,4,0,[]
544,Function_544,90296,0x160B8,90315,0x160CB,19,0,2,0,1,0,[]
545,Function_545,90315,0x160CB,90368,0x16100,53,0,0,0,3,0,[]
546,Function_546,90368,0x16100,90457,0x16159,89,0,6,0,5,0,[]
547,Function_547,90457,0x16159,90504,0x16188,47,1,2,0,1,0,[]
548,Function_548,90504,0x16188,90766,0x1628E,262,5,9,0,8,0,[]
549,Function_549,90766,0x1628E,90814,0x162BE,48,0,0,2,6,0,[]
550,Function_550,90814,0x162BE,90842,0x162DA,28,0,1,0,1,0,[]
551,Function_551,90842,0x162DA,90861,0x162ED,19,0,0,0,2,0,[]
552,Function_552,90861,0x162ED,90875,0x162FB,14,0,0,0,1,0,[]
553,Function_553,90875,0x162FB,91854,0x166CE,979,20,18,0,25,0,[]
554,Function_554,91854,0x166CE,92371,0x168D3,517,8,18,0,17,0,[]
555,Function_555,92371,0x168D3,92388,0x168E4,17,0,0,0,0,0,[]
556,Function_556,92388,0x168E4,92423,0x16907,35,0,0,0,3,0,[]
557,Function_557,92423,0x16907,92489,0x16949,66,0,1,0,5,0,[]
558,Function_558,92489,0x16949,92522,0x1696A,33,0,2,1,3,0,[]
559,Function_559,92522,0x1696A,92571,0x1699B,49,0,0,0,7,0,[]
560,Function_560,92571,0x1699B,92587,0x169AB,16,0,0,0,1,0,[]
561,Function_561,92587,0x169AB,92645,0x169E5,58,0,0,0,3,0,[]
562,Function_562,92645,0x169E5,92657,0x169F1,12,0,0,0,1,0,[]
563,Function_563,92657,0x169F1,92810,0x16A8A,153,0,2,3,19,0,[]
564,Function_564,92810,0x16A8A,93604,0x16DA4,794,8,20,10,44,0,['wanted']
565,Function_565,93604,0x16DA4,93665,0x16DE1,61,0,0,1,5,0,[]
566,Function_566,93665,0x16DE1,93736,0x16E28,71,1,3,1,7,0,[]
567,Function_567,93736,0x16E28,93864,0x16EA8,128,2,6,0,1,0,[]
568,Function_568,93864,0x16EA8,94120,0x16FA8,256,4,8,3,9,0,[]
569,Function_569,94120,0x16FA8,94138,0x16FBA,18,0,0,0,1,0,[]
570,Function_570,94138,0x16FBA,94155,0x16FCB,17,0,0,0,1,0,[]
571,Function_571,94155,0x16FCB,94174,0x16FDE,19,0,0,0,0,0,[]
572,Function_572,94174,0x16FDE,94197,0x16FF5,23,0,0,2,3,0,[]
573,Function_573,94197,0x16FF5,94367,0x1709F,170,2,2,3,11,0,['wanted']
574,Function_574,94367,0x1709F,94380,0x170AC,13,0,0,0,1,0,[]
575,Function_575,94380,0x170AC,94647,0x171B7,267,0,12,1,24,0,[]
576,Function_576,94647,0x171B7,94774,0x17236,127,0,0,1,9,0,[]
577,Function_577,94774,0x17236,94879,0x1729F,105,0,0,0,6,0,[]
578,Function_578,94879,0x1729F,94902,0x172B6,23,0,0,0,0,0,[]
579,Function_579,94902,0x172B6,95846,0x17666,944,26,3,1,31,0,"['actor', 'law']"
580,Function_580,95846,0x17666,95883,0x1768B,37,0,3,0,2,0,[]
581,Function_581,95883,0x1768B,95920,0x176B0,37,0,3,0,2,0,[]
582,Function_582,95920,0x176B0,95960,0x176D8,40,0,0,0,4,0,[]
583,Function_583,95960,0x176D8,95987,0x176F3,27,0,2,0,1,0,[]
584,Function_584,95987,0x176F3,96187,0x177BB,200,2,3,0,6,0,[]
585,Function_585,96187,0x177BB,96264,0x17808,77,1,2,0,1,0,['law']
586,Function_586,96264,0x17808,96403,0x17893,139,0,7,1,21,0,[]
587,Function_587,96403,0x17893,96816,0x17A30,413,0,14,0,64,0,[]
588,Function_588,96816,0x17A30,96837,0x17A45,21,0,0,0,3,0,[]
589,Function_589,96837,0x17A45,96870,0x17A66,33,0,1,0,2,0,[]
590,Function_590,96870,0x17A66,96920,0x17A98,50,0,1,0,5,0,[]
591,Function_591,96920,0x17A98,96989,0x17ADD,69,2,3,0,2,0,[]
592,Function_592,96989,0x17ADD,97127,0x17B67,138,1,11,1,8,0,[]
593,Function_593,97127,0x17B67,97259,0x17BEB,132,0,5,0,11,0,[]
594,Function_594,97259,0x17BEB,97349,0x17C45,90,0,4,2,1,0,[]
595,Function_595,97349,0x17C45,97357,0x17C4D,8,0,0,1,0,0,[]
596,Function_596,97357,0x17C4D,97368,0x17C58,11,0,1,0,0,0,[]
597,Function_597,97368,0x17C58,97376,0x17C60,8,0,0,1,0,0,[]
598,Function_598,97376,0x17C60,97440,0x17CA0,64,0,0,1,0,0,[]
599,Function_599,97440,0x17CA0,97510,0x17CE6,70,0,0,0,12,0,[]
600,Function_600,97510,0x17CE6,97528,0x17CF8,18,0,1,0,1,0,[]
601,Function_601,97528,0x17CF8,97539,0x17D03,11,0,0,0,1,0,[]
602,Function_602,97539,0x17D03,97682,0x17D92,143,0,6,1,22,0,[]
603,Function_603,97682,0x17D92,97696,0x17DA0,14,0,1,0,1,0,[]
604,Function_604,97696,0x17DA0,97742,0x17DCE,46,0,0,0,3,0,[]
605,Function_605,97742,0x17DCE,97765,0x17DE5,23,0,0,0,1,0,[]
606,Function_606,97765,0x17DE5,97781,0x17DF5,16,0,1,0,1,0,[]
607,Function_607,97781,0x17DF5,97790,0x17DFE,9,0,0,0,0,0,[]
608,Function_608,97790,0x17DFE,100877,0x18A0D,3087,12,1,13,35,0,[]
609,Function_609,100877,0x18A0D,100889,0x18A19,12,0,0,0,1,0,[]
610,Function_610,100889,0x18A19,100922,0x18A3A,33,0,4,1,1,0,[]
611,Function_611,100922,0x18A3A,100943,0x18A4F,21,0,2,0,1,0,[]
612,Function_612,100943,0x18A4F,100955,0x18A5B,12,0,0,0,0,0,[]
613,Function_613,100955,0x18A5B,101047,0x18AB7,92,0,6,5,9,0,[]
614,Function_614,101047,0x18AB7,101059,0x18AC3,12,0,0,0,0,0,[]
615,Function_615,101059,0x18AC3,101085,0x18ADD,26,0,0,1,4,0,[]
616,Function_616,101085,0x18ADD,102152,0x18F08,1067,1,39,9,93,0,[]
617,Function_617,102152,0x18F08,102500,0x19064,348,0,7,1,29,0,[]
618,Function_618,102500,0x19064,102524,0x1907C,24,0,0,0,0,0,[]
619,Function_619,102524,0x1907C,102687,0x1911F,163,0,15,3,10,0,[]
620,Function_620,102687,0x1911F,102898,0x191F2,211,1,12,3,11,0,[]
621,Function_621,102898,0x191F2,102956,0x1922C,58,2,3,0,3,0,[]
622,Function_622,102956,0x1922C,102998,0x19256,42,0,3,0,4,0,[]
623,Function_623,102998,0x19256,103075,0x192A3,77,0,5,0,4,0,[]
624,Function_624,103075,0x192A3,103218,0x19332,143,1,11,1,6,0,[]
625,Function_625,103218,0x19332,103334,0x193A6,116,1,11,1,5,0,['spawn']
626,Function_626,103334,0x193A6,103346,0x193B2,12,0,0,0,0,0,[]
627,Function_627,103346,0x193B2,103538,0x19472,192,0,4,1,17,0,[]
628,Function_628,103538,0x19472,103626,0x194CA,88,0,0,0,6,0,[]
629,Function_629,103626,0x194CA,103695,0x1950F,69,0,0,0,3,0,[]
630,Function_630,103695,0x1950F,103757,0x1954D,62,0,3,0,5,0,[]
631,Function_631,103757,0x1954D,104045,0x1966D,288,0,2,2,26,0,[]
632,Function_632,104045,0x1966D,104084,0x19694,39,0,1,0,4,0,[]
633,Function_633,104084,0x19694,104096,0x196A0,12,0,0,0,0,0,[]
634,Function_634,104096,0x196A0,104296,0x19768,200,0,0,4,22,0,[]
635,Function_635,104296,0x19768,104328,0x19788,32,0,0,2,4,0,[]
636,Function_636,104328,0x19788,104343,0x19797,15,0,0,0,1,0,[]
637,Function_637,104343,0x19797,104355,0x197A3,12,0,0,0,0,0,[]
638,Function_638,104355,0x197A3,104362,0x197AA,7,0,0,0,0,0,[]
639,Function_639,104362,0x197AA,104377,0x197B9,15,0,0,0,1,0,[]
640,Function_640,104377,0x197B9,104389,0x197C5,12,0,0,0,0,0,[]
641,Function_641,104389,0x197C5,104396,0x197CC,7,0,0,0,0,0,[]
642,Function_642,104396,0x197CC,104411,0x197DB,15,0,0,0,1,0,[]
643,Function_643,104411,0x197DB,104423,0x197E7,12,0,0,0,0,0,[]
644,Function_644,104423,0x197E7,104429,0x197ED,6,0,0,0,0,0,[]
645,Function_645,104429,0x197ED,104444,0x197FC,15,0,0,0,1,0,[]
646,Function_646,104444,0x197FC,104456,0x19808,12,0,0,0,0,0,[]
647,Function_647,104456,0x19808,104471,0x19817,15,0,0,0,1,0,[]
648,Function_648,104471,0x19817,104483,0x19823,12,0,0,0,0,0,[]
649,Function_649,104483,0x19823,104498,0x19832,15,0,0,0,1,0,[]
650,Function_650,104498,0x19832,104505,0x19839,7,0,0,0,0,0,[]
651,Function_651,104505,0x19839,104520,0x19848,15,0,0,0,1,0,[]
652,Function_652,104520,0x19848,104530,0x19852,10,0,0,0,0,0,[]
653,Function_653,104530,0x19852,104542,0x1985E,12,0,0,0,0,0,[]
654,Function_654,104542,0x1985E,104562,0x19872,20,0,0,2,0,0,[]
655,Function_655,104562,0x19872,104571,0x1987B,9,0,0,0,1,0,[]
656,Function_656,104571,0x1987B,104728,0x19918,157,3,3,1,8,0,[]
657,Function_657,104728,0x19918,104743,0x19927,15,0,1,0,1,0,[]
658,Function_658,104743,0x19927,104814,0x1996E,71,2,0,0,3,0,[]
659,Function_659,104814,0x1996E,104849,0x19991,35,1,3,0,1,0,[]
660,Function_660,104849,0x19991,104896,0x199C0,47,0,6,0,1,0,[]
661,Function_661,104896,0x199C0,104922,0x199DA,26,0,2,0,2,0,[]
662,Function_662,104922,0x199DA,104978,0x19A12,56,0,2,0,5,0,[]
663,Function_663,104978,0x19A12,105030,0x19A46,52,0,0,1,3,0,[]
664,Function_664,105030,0x19A46,105181,0x19ADD,151,5,8,0,2,0,[]
665,Function_665,105181,0x19ADD,105192,0x19AE8,11,0,0,0,0,0,[]
666,Function_666,105192,0x19AE8,105205,0x19AF5,13,0,2,0,0,0,[]
667,Function_667,105205,0x19AF5,105220,0x19B04,15,0,0,0,1,0,[]
668,Function_668,105220,0x19B04,105279,0x19B3F,59,0,2,0,5,0,[]
669,Function_669,105279,0x19B3F,105315,0x19B63,36,0,2,0,5,0,[]
670,Function_670,105315,0x19B63,105383,0x19BA7,68,0,1,1,11,0,[]
671,Function_671,105383,0x19BA7,105508,0x19C24,125,2,8,0,13,0,[]
672,Function_672,105508,0x19C24,105523,0x19C33,15,0,0,0,1,0,[]
673,Function_673,105523,0x19C33,105538,0x19C42,15,0,0,0,1,0,[]
674,Function_674,105538,0x19C42,105553,0x19C51,15,0,0,0,1,0,[]
675,Function_675,105553,0x19C51,105783,0x19D37,230,1,2,3,7,0,[]
676,Function_676,105783,0x19D37,106160,0x19EB0,377,1,23,2,16,0,[]
677,Function_677,106160,0x19EB0,106172,0x19EBC,12,0,0,0,0,0,[]
678,Function_678,106172,0x19EBC,106242,0x19F02,70,4,12,0,0,0,[]
679,Function_679,106242,0x19F02,106312,0x19F48,70,0,0,0,8,0,[]
680,Function_680,106312,0x19F48,106438,0x19FC6,126,2,0,1,9,0,[]
681,Function_681,106438,0x19FC6,107443,0x1A3B3,1005,0,0,38,100,0,[]
682,Function_682,107443,0x1A3B3,107459,0x1A3C3,16,0,0,1,1,0,[]
683,Function_683,107459,0x1A3C3,107471,0x1A3CF,12,0,0,0,0,0,[]
684,Function_684,107471,0x1A3CF,107628,0x1A46C,157,0,1,2,10,0,[]
685,Function_685,107628,0x1A46C,107649,0x1A481,21,0,0,0,1,0,[]
686,Function_686,107649,0x1A481,107673,0x1A499,24,0,0,0,1,0,[]
687,Function_687,107673,0x1A499,107695,0x1A4AF,22,0,0,1,1,0,[]
688,Function_688,107695,0x1A4AF,107839,0x1A53F,144,1,1,1,2,0,[]
689,Function_689,107839,0x1A53F,107854,0x1A54E,15,1,0,0,1,0,[]
690,Function_690,107854,0x1A54E,107907,0x1A583,53,2,3,0,2,0,[]
691,Function_691,107907,0x1A583,108008,0x1A5E8,101,1,2,1,5,0,[]
692,Function_692,108008,0x1A5E8,108024,0x1A5F8,16,0,0,0,0,0,[]
693,Function_693,108024,0x1A5F8,108062,0x1A61E,38,0,0,0,2,0,[]
694,Function_694,108062,0x1A61E,108093,0x1A63D,31,1,2,0,1,0,[]
695,Function_695,108093,0x1A63D,108160,0x1A680,67,0,2,1,10,0,[]
696,Function_696,108160,0x1A680,108217,0x1A6B9,57,1,1,1,2,0,['disable']
697,Function_697,108217,0x1A6B9,108306,0x1A712,89,2,2,1,3,0,['disable']
698,Function_698,108306,0x1A712,108318,0x1A71E,12,0,0,0,2,0,[]
699,Function_699,108318,0x1A71E,108385,0x1A761,67,0,0,5,5,0,[]
700,Function_700,108385,0x1A761,108411,0x1A77B,26,0,2,0,1,0,[]
701,Function_701,108411,0x1A77B,108431,0x1A78F,20,0,1,0,1,0,[]
702,Function_702,108431,0x1A78F,108491,0x1A7CB,60,2,3,0,1,0,[]
703,Function_703,108491,0x1A7CB,108597,0x1A835,106,0,0,5,8,0,[]
704,Function_704,108597,0x1A835,114688,0x1C000,6091,0,0,1,3,0,[]
