index,name,offset,offset_hex,body_offset,parameters,locals,enter_name_length,end_hint
0,main,0,0x0,5,0,2,0,133
1,Function_1,133,0x85,138,0,2,0,302
2,Function_2,302,0x12E,307,1,4,0,340
3,Function_3,340,0x154,345,2,4,0,642
4,Function_4,642,0x282,647,2,5,0,668
5,Function_5,668,0x29C,673,2,5,0,697
6,Function_6,697,0x2B9,702,0,3,0,1136
7,Function_7,1136,0x470,1141,2,4,0,1220
8,Function_8,1220,0x4C4,1225,4,17,0,1376
9,Function_9,1376,0x560,1381,1,3,0,1398
10,Function_10,1398,0x576,1403,5,7,0,1434
11,Function_11,1434,0x59A,1439,1,4,0,2797
12,Function_12,2797,0xAED,2802,1,20,0,3017
13,Function_13,3017,0xBC9,3022,1,3,0,3035
14,Function_14,3035,0xBDB,3040,0,2,0,3047
15,Function_15,3047,0xBE7,3052,0,2,0,3079
16,Function_16,3079,0xC07,3084,0,2,0,3132
17,Function_17,3132,0xC3C,3137,1,3,0,3319
18,Function_18,3319,0xCF7,3324,3,5,0,3367
19,Function_19,3367,0xD27,3372,3,5,0,3395
20,Function_20,3395,0xD43,3400,4,8,0,3939
21,Function_21,3939,0xF63,3944,8,32,0,5520
22,Function_22,5520,0x1590,5525,0,3,0,5528
23,Function_23,5528,0x1598,5533,1,3,0,5545
24,Function_24,5545,0x15A9,5550,4,14,0,5790
25,Function_25,5790,0x169E,5795,2,12,0,5815
26,Function_26,5815,0x16B7,5820,4,7,0,5916
27,Function_27,5916,0x171C,5921,2,4,0,5934
28,Function_28,5934,0x172E,5939,2,4,0,5952
29,Function_29,5952,0x1740,5957,5,11,0,6256
30,Function_30,6256,0x1870,6261,1,3,0,6271
31,Function_31,6271,0x187F,6276,1,3,0,6328
32,Function_32,6328,0x18B8,6333,1,3,0,6389
33,Function_33,6389,0x18F5,6394,1,3,0,6799
34,Function_34,6799,0x1A8F,6804,3,7,0,7379
35,Function_35,7379,0x1CD3,7384,2,4,0,7398
36,Function_36,7398,0x1CE6,7403,2,4,0,7439
37,Function_37,7439,0x1D0F,7444,1,3,0,7455
38,Function_38,7455,0x1D1F,7460,0,2,0,7480
39,Function_39,7480,0x1D38,7485,0,2,0,7492
40,Function_40,7492,0x1D44,7497,0,2,0,7501
41,Function_41,7501,0x1D4D,7506,0,2,0,7591
42,Function_42,7591,0x1DA7,7596,0,2,0,7611
43,Function_43,7611,0x1DBB,7616,3,5,0,7651
44,Function_44,7651,0x1DE3,7656,2,4,0,7670
45,Function_45,7670,0x1DF6,7675,2,4,0,7685
46,Function_46,7685,0x1E05,7690,0,2,0,7708
47,Function_47,7708,0x1E1C,7713,0,2,0,7723
48,Function_48,7723,0x1E2B,7728,0,2,0,7740
49,Function_49,7740,0x1E3C,7745,1,3,0,7757
50,Function_50,7757,0x1E4D,7762,2,4,0,7770
51,Function_51,7770,0x1E5A,7775,0,2,0,7791
52,Function_52,7791,0x1E6F,7796,1,3,0,7880
53,Function_53,7880,0x1EC8,7885,2,4,0,7893
54,Function_54,7893,0x1ED5,7898,2,4,0,7914
55,Function_55,7914,0x1EEA,7919,1,11,0,8103
56,Function_56,8103,0x1FA7,8108,1,3,0,8118
57,Function_57,8118,0x1FB6,8123,2,4,0,8131
58,Function_58,8131,0x1FC3,8136,1,3,0,8149
59,Function_59,8149,0x1FD5,8154,1,3,0,8166
60,Function_60,8166,0x1FE6,8171,1,3,0,8223
61,Function_61,8223,0x201F,8228,0,2,0,8246
62,Function_62,8246,0x2036,8251,0,7,0,8280
63,Function_63,8280,0x2058,8285,1,3,0,8294
64,Function_64,8294,0x2066,8299,0,2,0,8303
65,Function_65,8303,0x206F,8308,0,2,0,8315
66,Function_66,8315,0x207B,8320,1,9,0,8376
67,Function_67,8376,0x20B8,8381,2,4,0,8391
68,Function_68,8391,0x20C7,8396,1,3,0,8402
69,Function_69,8402,0x20D2,8407,2,4,0,8413
70,Function_70,8413,0x20DD,8418,1,3,0,8427
71,Function_71,8427,0x20EB,8432,1,3,0,8438
72,Function_72,8438,0x20F6,8443,1,3,0,8647
73,Function_73,8647,0x21C7,8652,0,2,0,8660
74,Function_74,8660,0x21D4,8665,0,2,0,8669
75,Function_75,8669,0x21DD,8674,1,3,0,8682
76,Function_76,8682,0x21EA,8687,1,3,0,8695
77,Function_77,8695,0x21F7,8700,0,2,0,8713
78,Function_78,8713,0x2209,8718,1,3,0,8749
79,Function_79,8749,0x222D,8754,1,4,0,8817
80,Function_80,8817,0x2271,8822,2,5,0,8942
81,Function_81,8942,0x22EE,8947,2,6,0,8978
82,Function_82,8978,0x2312,8983,1,3,0,8993
83,Function_83,8993,0x2321,8998,1,3,0,9008
84,Function_84,9008,0x2330,9013,1,3,0,9023
85,Function_85,9023,0x233F,9028,2,4,0,9036
86,Function_86,9036,0x234C,9041,1,6,0,9195
87,Function_87,9195,0x23EB,9200,1,4,0,9244
88,Function_88,9244,0x241C,9249,1,4,0,9319
89,Function_89,9319,0x2467,9324,0,2,0,9571
90,Function_90,9571,0x2563,9576,0,2,0,9738
91,Function_91,9738,0x260A,9743,0,2,0,9789
92,Function_92,9789,0x263D,9794,1,10,0,11127
93,Function_93,11127,0x2B77,11132,3,6,0,11394
94,Function_94,11394,0x2C82,11399,2,5,0,11422
95,Function_95,11422,0x2C9E,11427,1,3,0,11549
96,Function_96,11549,0x2D1D,11554,0,3,0,11654
97,Function_97,11654,0x2D86,11659,2,5,0,11677
98,Function_98,11677,0x2D9D,11682,2,4,0,11692
99,Function_99,11692,0x2DAC,11697,2,4,0,11751
100,Function_100,11751,0x2DE7,11756,1,3,0,11768
101,Function_101,11768,0x2DF8,11773,3,16,0,11884
102,Function_102,11884,0x2E6C,11889,6,11,0,12039
103,Function_103,12039,0x2F07,12044,1,3,0,12133
104,Function_104,12133,0x2F65,12138,1,6,0,12150
105,Function_105,12150,0x2F76,12155,1,3,0,12167
106,Function_106,12167,0x2F87,12172,3,19,0,12762
107,Function_107,12762,0x31DA,12767,1,6,0,12829
108,Function_108,12829,0x321D,12834,1,4,0,12868
109,Function_109,12868,0x3244,12873,1,3,0,12877
110,Function_110,12877,0x324D,12882,2,4,0,12892
111,Function_111,12892,0x325C,12897,1,3,0,12906
112,Function_112,12906,0x326A,12911,1,3,0,12919
113,Function_113,12919,0x3277,12924,2,4,0,12945
114,Function_114,12945,0x3291,12950,1,3,0,12958
115,Function_115,12958,0x329E,12963,0,2,0,12988
116,Function_116,12988,0x32BC,12993,3,9,0,13069
117,Function_117,13069,0x330D,13074,2,4,0,13095
118,Function_118,13095,0x3327,13100,1,3,0,13108
119,Function_119,13108,0x3334,13113,1,27,0,13361
120,Function_120,13361,0x3431,13366,1,8,0,13933
121,Function_121,13933,0x366D,13938,1,3,0,13947
122,Function_122,13947,0x367B,13952,1,3,0,13969
123,Function_123,13969,0x3691,13974,0,2,0,13987
124,Function_124,13987,0x36A3,13992,1,3,0,13999
125,Function_125,13999,0x36AF,14004,2,4,0,14032
126,Function_126,14032,0x36D0,14037,1,3,0,14047
127,Function_127,14047,0x36DF,14052,0,2,0,14060
128,Function_128,14060,0x36EC,14065,1,3,0,14103
129,Function_129,14103,0x3717,14108,3,7,0,14276
130,Function_130,14276,0x37C4,14281,0,2,0,14335
131,Function_131,14335,0x37FF,14340,0,2,0,14349
132,Function_132,14349,0x380D,14354,0,2,0,14373
133,Function_133,14373,0x3825,14378,2,15,0,14410
134,Function_134,14410,0x384A,14415,0,6,0,14473
135,Function_135,14473,0x3889,14478,1,3,0,14485
136,Function_136,14485,0x3895,14490,2,20,0,14588
137,Function_137,14588,0x38FC,14593,1,19,0,14749
138,Function_138,14749,0x399D,14754,1,3,0,14765
139,Function_139,14765,0x39AD,14770,1,13,0,15825
140,Function_140,15825,0x3DD1,15830,2,9,0,16384
141,Function_141,16384,0x4000,16389,1,8,0,16497
142,Function_142,16497,0x4071,16502,0,2,0,16508
143,Function_143,16508,0x407C,16513,1,3,0,16534
144,Function_144,16534,0x4096,16539,2,6,0,16627
145,Function_145,16627,0x40F3,16632,2,7,0,16658
146,Function_146,16658,0x4112,16663,1,3,0,16752
147,Function_147,16752,0x4170,16757,1,3,0,16772
148,Function_148,16772,0x4184,16777,0,2,0,16787
149,Function_149,16787,0x4193,16792,1,3,0,17033
150,Function_150,17033,0x4289,17038,4,6,0,17229
151,Function_151,17229,0x434D,17234,4,6,0,17294
152,Function_152,17294,0x438E,17299,1,8,0,17411
153,Function_153,17411,0x4403,17416,5,76,0,17695
154,Function_154,17695,0x451F,17700,1,3,0,17832
155,Function_155,17832,0x45A8,17837,0,2,0,17914
156,Function_156,17914,0x45FA,17919,0,2,0,18176
157,Function_157,18176,0x4700,18181,0,3,0,18227
158,Function_158,18227,0x4733,18232,0,6,0,18625
159,Function_159,18625,0x48C1,18630,0,6,0,19061
160,Function_160,19061,0x4A75,19066,0,2,0,19075
161,Function_161,19075,0x4A83,19080,3,19,0,19572
162,Function_162,19572,0x4C74,19577,1,9,0,19738
163,Function_163,19738,0x4D1A,19743,3,6,0,20405
164,Function_164,20405,0x4FB5,20410,1,3,0,20470
165,Function_165,20470,0x4FF6,20475,0,8,0,20607
166,Function_166,20607,0x507F,20612,0,8,0,20758
167,Function_167,20758,0x5116,20763,0,8,0,20885
168,Function_168,20885,0x5195,20890,0,2,0,20942
169,Function_169,20942,0x51CE,20947,3,7,0,21464
170,Function_170,21464,0x53D8,21469,1,139,0,21631
171,Function_171,21631,0x547F,21636,0,2,0,21642
172,Function_172,21642,0x548A,21647,3,6,0,21711
173,Function_173,21711,0x54CF,21716,0,3,0,21753
174,Function_174,21753,0x54F9,21758,0,2,0,21849
175,Function_175,21849,0x5559,21854,1,3,0,21875
176,Function_176,21875,0x5573,21880,6,28,0,22058
177,Function_177,22058,0x562A,22063,2,5,0,22095
178,Function_178,22095,0x564F,22100,2,4,0,22115
179,Function_179,22115,0x5663,22120,1,7,0,22167
180,Function_180,22167,0x5697,22172,1,3,0,22182
181,Function_181,22182,0x56A6,22187,3,7,0,22607
182,Function_182,22607,0x584F,22612,4,6,0,22709
183,Function_183,22709,0x58B5,22714,0,2,0,22750
184,Function_184,22750,0x58DE,22755,2,4,0,22816
185,Function_185,22816,0x5920,22821,1,3,0,22897
186,Function_186,22897,0x5971,22902,0,8,0,23084
187,Function_187,23084,0x5A2C,23089,3,5,0,23108
188,Function_188,23108,0x5A44,23113,4,7,0,23339
189,Function_189,23339,0x5B2B,23344,0,2,0,23348
190,Function_190,23348,0x5B34,23353,1,3,0,23370
191,Function_191,23370,0x5B4A,23375,2,8,0,23569
192,Function_192,23569,0x5C11,23574,6,8,0,23598
193,Function_193,23598,0x5C2E,23603,2,15,0,25683
194,Function_194,25683,0x6453,25688,1,4,0,25742
195,Function_195,25742,0x648E,25747,2,4,0,25755
196,Function_196,25755,0x649B,25760,0,2,0,25782
197,Function_197,25782,0x64B6,25787,4,6,0,25946
198,Function_198,25946,0x655A,25951,3,12,0,26060
199,Function_199,26060,0x65CC,26065,1,7,0,26093
200,Function_200,26093,0x65ED,26098,1,7,0,26126
201,Function_201,26126,0x660E,26131,1,7,0,26159
202,Function_202,26159,0x662F,26164,0,2,0,26180
203,Function_203,26180,0x6644,26185,0,2,0,26227
204,Function_204,26227,0x6673,26232,1,3,0,26239
205,Function_205,26239,0x667F,26244,2,5,0,26325
206,Function_206,26325,0x66D5,26330,1,3,0,26337
207,Function_207,26337,0x66E1,26342,2,15,0,26467
208,Function_208,26467,0x6763,26472,1,7,0,26499
209,Function_209,26499,0x6783,26504,1,9,0,26548
210,Function_210,26548,0x67B4,26553,1,3,0,26930
211,Function_211,26930,0x6932,26935,2,10,0,27262
212,Function_212,27262,0x6A7E,27267,0,3,0,27339
213,Function_213,27339,0x6ACB,27344,3,5,0,27363
214,Function_214,27363,0x6AE3,27368,13,19,0,27481
215,Function_215,27481,0x6B59,27486,2,4,0,27501
216,Function_216,27501,0x6B6D,27506,4,29,0,27690
217,Function_217,27690,0x6C2A,27695,2,4,0,27710
218,Function_218,27710,0x6C3E,27715,1,9,0,27756
219,Function_219,27756,0x6C6C,27761,1,9,0,27804
220,Function_220,27804,0x6C9C,27809,0,2,0,27836
221,Function_221,27836,0x6CBC,27841,1,3,0,27851
222,Function_222,27851,0x6CCB,27856,2,4,0,27888
223,Function_223,27888,0x6CF0,27893,2,4,0,27929
224,Function_224,27929,0x6D19,27934,2,4,0,27955
225,Function_225,27955,0x6D33,27960,1,16,0,28098
226,Function_226,28098,0x6DC2,28103,3,5,0,28135
227,Function_227,28135,0x6DE7,28140,1,8,0,28835
228,Function_228,28835,0x70A3,28840,1,3,0,28860
229,Function_229,28860,0x70BC,28865,0,2,0,28870
230,Function_230,28870,0x70C6,28875,1,3,0,29070
231,Function_231,29070,0x718E,29075,1,3,0,29089
232,Function_232,29089,0x71A1,29094,1,4,0,29227
233,Function_233,29227,0x722B,29232,0,2,0,29317
234,Function_234,29317,0x7285,29322,1,5,0,29387
235,Function_235,29387,0x72CB,29392,1,5,0,29464
236,Function_236,29464,0x7318,29469,1,4,0,29514
237,Function_237,29514,0x734A,29519,1,4,0,29586
238,Function_238,29586,0x7392,29591,1,4,0,29675
239,Function_239,29675,0x73EB,29680,0,2,0,30041
240,Function_240,30041,0x7559,30046,0,2,0,30050
241,Function_241,30050,0x7562,30055,0,2,0,30065
242,Function_242,30065,0x7571,30070,0,5,0,30206
243,Function_243,30206,0x75FE,30211,0,2,0,30246
244,Function_244,30246,0x7626,30251,4,8,0,30305
245,Function_245,30305,0x7661,30310,0,2,0,30397
246,Function_246,30397,0x76BD,30402,0,2,0,30570
247,Function_247,30570,0x776A,30575,8,15,0,30703
248,Function_248,30703,0x77EF,30708,1,7,0,30766
249,Function_249,30766,0x782E,30771,0,2,0,30825
250,Function_250,30825,0x7869,30830,2,7,0,30907
251,Function_251,30907,0x78BB,30912,2,8,0,30962
252,Function_252,30962,0x78F2,30967,0,2,0,31150
253,Function_253,31150,0x79AE,31155,0,3,0,31451
254,Function_254,31451,0x7ADB,31456,0,3,0,31491
255,Function_255,31491,0x7B03,31496,2,4,0,31572
256,Function_256,31572,0x7B54,31577,0,3,0,31612
257,Function_257,31612,0x7B7C,31617,0,2,0,31775
258,Function_258,31775,0x7C1F,31780,1,4,0,31796
259,Function_259,31796,0x7C34,31801,1,4,0,31817
260,Function_260,31817,0x7C49,31822,3,8,0,31893
261,Function_261,31893,0x7C95,31898,18,34,0,32096
262,Function_262,32096,0x7D60,32101,1,3,0,32606
263,Function_263,32606,0x7F5E,32611,1,3,0,32617
264,Function_264,32617,0x7F69,32622,0,2,0,32667
265,Function_265,32667,0x7F9B,32672,2,4,0,32686
266,Function_266,32686,0x7FAE,32691,3,5,0,32753
267,Function_267,32753,0x7FF1,32758,1,3,0,32768
268,Function_268,32768,0x8000,32773,0,2,0,33194
269,Function_269,33194,0x81AA,33199,1,4,0,33215
270,Function_270,33215,0x81BF,33220,2,7,0,33307
271,Function_271,33307,0x821B,33312,1,6,0,33387
272,Function_272,33387,0x826B,33392,0,2,0,33604
273,Function_273,33604,0x8344,33609,0,2,0,33673
274,Function_274,33673,0x8389,33678,0,2,0,33837
275,Function_275,33837,0x842D,33842,1,3,0,33858
276,Function_276,33858,0x8442,33863,2,4,0,33878
277,Function_277,33878,0x8456,33883,2,4,0,33907
278,Function_278,33907,0x8473,33912,1,3,0,33919
279,Function_279,33919,0x847F,33924,0,2,0,34002
280,Function_280,34002,0x84D2,34007,15,36,0,34566
281,Function_281,34566,0x8706,34571,2,5,0,34616
282,Function_282,34616,0x8738,34621,7,9,0,34640
283,Function_283,34640,0x8750,34645,4,6,0,34679
284,Function_284,34679,0x8777,34684,0,4,0,34964
285,Function_285,34964,0x8894,34969,2,4,0,35168
286,Function_286,35168,0x8960,35173,1,3,0,36036
287,Function_287,36036,0x8CC4,36041,2,5,0,36070
288,Function_288,36070,0x8CE6,36075,1,3,0,36483
289,Function_289,36483,0x8E83,36488,2,5,0,36534
290,Function_290,36534,0x8EB6,36539,1,3,0,36959
291,Function_291,36959,0x905F,36964,1,3,0,37360
292,Function_292,37360,0x91F0,37365,1,3,0,37666
293,Function_293,37666,0x9322,37671,1,3,0,38058
294,Function_294,38058,0x94AA,38063,1,3,0,38404
295,Function_295,38404,0x9604,38409,1,3,0,38722
296,Function_296,38722,0x9742,38727,1,3,0,38757
297,Function_297,38757,0x9765,38762,1,3,0,39119
298,Function_298,39119,0x98CF,39124,1,3,0,39178
299,Function_299,39178,0x990A,39183,4,8,0,39308
300,Function_300,39308,0x998C,39313,0,4,0,40630
301,Function_301,40630,0x9EB6,40635,2,4,0,40855
302,Function_302,40855,0x9F97,40860,2,6,0,40923
303,Function_303,40923,0x9FDB,40928,1,3,0,41070
304,Function_304,41070,0xA06E,41075,1,4,0,41261
305,Function_305,41261,0xA12D,41266,0,5,0,41615
306,Function_306,41615,0xA28F,41620,1,3,0,41841
307,Function_307,41841,0xA371,41846,0,2,0,41850
308,Function_308,41850,0xA37A,41855,27,29,0,41999
309,Function_309,41999,0xA40F,42004,1,3,0,42148
310,Function_310,42148,0xA4A4,42153,0,2,0,42692
311,Function_311,42692,0xA6C4,42697,3,9,0,42781
312,Function_312,42781,0xA71D,42786,2,4,0,42793
313,Function_313,42793,0xA729,42798,1,11,0,42859
314,Function_314,42859,0xA76B,42864,1,4,0,42889
315,Function_315,42889,0xA789,42894,1,4,0,43124
316,Function_316,43124,0xA874,43129,1,8,0,43845
317,Function_317,43845,0xAB45,43850,0,4,0,44978
318,Function_318,44978,0xAFB2,44983,0,2,0,45122
319,Function_319,45122,0xB042,45127,0,3,0,45751
320,Function_320,45751,0xB2B7,45756,0,4,0,45798
321,Function_321,45798,0xB2E6,45803,0,4,0,46838
322,Function_322,46838,0xB6F6,46843,4,8,0,46924
323,Function_323,46924,0xB74C,46929,2,6,0,47080
324,Function_324,47080,0xB7E8,47085,5,9,0,47500
325,Function_325,47500,0xB98C,47505,10,21,0,47553
326,Function_326,47553,0xB9C1,47558,2,4,0,47588
327,Function_327,47588,0xB9E4,47593,8,23,0,47728
328,Function_328,47728,0xBA70,47733,0,4,0,48873
329,Function_329,48873,0xBEE9,48878,0,2,0,49161
330,Function_330,49161,0xC009,49166,4,57,0,49725
331,Function_331,49725,0xC23D,49730,0,2,0,49741
332,Function_332,49741,0xC24D,49746,4,7,0,49779
333,Function_333,49779,0xC273,49784,0,2,0,49800
334,Function_334,49800,0xC288,49805,3,5,0,49830
335,Function_335,49830,0xC2A6,49835,0,2,0,49841
336,Function_336,49841,0xC2B1,49846,1,4,0,49887
337,Function_337,49887,0xC2DF,49892,15,17,0,49968
338,Function_338,49968,0xC330,49973,2,4,0,49984
339,Function_339,49984,0xC340,49989,0,2,0,50004
340,Function_340,50004,0xC354,50009,3,6,0,50041
341,Function_341,50041,0xC379,50046,0,2,0,50064
342,Function_342,50064,0xC390,50069,5,15,0,50363
343,Function_343,50363,0xC4BB,50368,0,2,0,50380
344,Function_344,50380,0xC4CC,50385,0,2,0,50397
345,Function_345,50397,0xC4DD,50402,0,2,0,50414
346,Function_346,50414,0xC4EE,50419,2,4,0,50449
347,Function_347,50449,0xC511,50454,3,6,0,50480
348,Function_348,50480,0xC530,50485,11,33,0,50740
349,Function_349,50740,0xC634,50745,0,2,0,50760
350,Function_350,50760,0xC648,50765,1,15,0,50866
351,Function_351,50866,0xC6B2,50871,3,13,0,50897
352,Function_352,50897,0xC6D1,50902,0,2,0,50911
353,Function_353,50911,0xC6DF,50916,0,2,0,50949
354,Function_354,50949,0xC705,50954,0,2,0,50989
355,Function_355,50989,0xC72D,50994,0,2,0,51027
356,Function_356,51027,0xC753,51032,1,3,0,51045
357,Function_357,51045,0xC765,51050,1,3,0,51061
358,Function_358,51061,0xC775,51066,0,2,0,51072
359,Function_359,51072,0xC780,51077,2,4,0,51157
360,Function_360,51157,0xC7D5,51162,0,2,0,51173
361,Function_361,51173,0xC7E5,51178,1,6,0,51212
362,Function_362,51212,0xC80C,51217,1,6,0,51251
363,Function_363,51251,0xC833,51256,0,2,0,51264
364,Function_364,51264,0xC840,51269,0,2,0,51283
365,Function_365,51283,0xC853,51288,0,2,0,51306
366,Function_366,51306,0xC86A,51311,2,4,0,51419
367,Function_367,51419,0xC8DB,51424,1,3,0,51433
368,Function_368,51433,0xC8E9,51438,0,19,0,56259
369,Function_369,56259,0xDBC3,56264,3,5,0,56295
370,Function_370,56295,0xDBE7,56300,2,4,0,56368
371,Function_371,56368,0xDC30,56373,1,3,0,56540
372,Function_372,56540,0xDCDC,56545,1,3,0,56562
373,Function_373,56562,0xDCF2,56567,1,3,0,56582
374,Function_374,56582,0xDD06,56587,1,3,0,56609
375,Function_375,56609,0xDD21,56614,1,3,0,56621
376,Function_376,56621,0xDD2D,56626,0,2,0,56629
377,Function_377,56629,0xDD35,56634,0,6,0,56673
378,Function_378,56673,0xDD61,56678,1,24,0,56755
379,Function_379,56755,0xDDB3,56760,1,12,0,57014
380,Function_380,57014,0xDEB6,57019,0,2,0,57072
381,Function_381,57072,0xDEF0,57077,1,5,0,57963
382,Function_382,57963,0xE26B,57968,0,2,0,58027
383,Function_383,58027,0xE2AB,58032,1,4,0,58055
384,Function_384,58055,0xE2C7,58060,0,3,0,58098
385,Function_385,58098,0xE2F2,58103,2,4,0,58115
386,Function_386,58115,0xE303,58120,0,2,0,58181
387,Function_387,58181,0xE345,58186,5,7,0,58204
388,Function_388,58204,0xE35C,58209,5,7,0,58239
389,Function_389,58239,0xE37F,58244,4,6,0,58281
390,Function_390,58281,0xE3A9,58286,2,4,0,58309
391,Function_391,58309,0xE3C5,58314,1,4,0,58341
392,Function_392,58341,0xE3E5,58346,2,4,0,58355
393,Function_393,58355,0xE3F3,58360,3,5,0,58372
394,Function_394,58372,0xE404,58377,1,4,0,58417
395,Function_395,58417,0xE431,58422,2,4,0,58429
396,Function_396,58429,0xE43D,58434,1,3,0,58443
397,Function_397,58443,0xE44B,58448,0,2,0,58631
398,Function_398,58631,0xE507,58636,4,7,0,58839
399,Function_399,58839,0xE5D7,58844,0,2,0,58942
400,Function_400,58942,0xE63E,58947,4,8,0,58998
401,Function_401,58998,0xE676,59003,3,6,0,59194
402,Function_402,59194,0xE73A,59199,2,4,0,59216
403,Function_403,59216,0xE750,59221,2,4,0,59230
404,Function_404,59230,0xE75E,59235,5,8,0,59300
405,Function_405,59300,0xE7A4,59305,1,3,0,59352
406,Function_406,59352,0xE7D8,59357,0,6,0,59458
407,Function_407,59458,0xE842,59463,0,3,0,59540
408,Function_408,59540,0xE894,59545,1,8,0,59677
409,Function_409,59677,0xE91D,59682,5,7,0,59876
410,Function_410,59876,0xE9E4,59881,4,8,0,60039
411,Function_411,60039,0xEA87,60044,3,6,0,60056
412,Function_412,60056,0xEA98,60061,4,14,0,60157
413,Function_413,60157,0xEAFD,60162,2,20,0,60267
414,Function_414,60267,0xEB6B,60272,3,5,0,60300
415,Function_415,60300,0xEB8C,60305,0,2,0,60488
416,Function_416,60488,0xEC48,60493,1,19,0,60617
417,Function_417,60617,0xECC9,60622,1,3,0,60754
418,Function_418,60754,0xED52,60759,2,5,0,60786
419,Function_419,60786,0xED72,60791,1,3,0,60806
420,Function_420,60806,0xED86,60811,30,48,0,60875
421,Function_421,60875,0xEDCB,60880,2,4,0,60927
422,Function_422,60927,0xEDFF,60932,2,4,0,60944
423,Function_423,60944,0xEE10,60949,3,5,0,61353
424,Function_424,61353,0xEFA9,61358,0,2,0,61618
425,Function_425,61618,0xF0B2,61623,3,9,0,61994
426,Function_426,61994,0xF22A,61999,3,22,0,62123
427,Function_427,62123,0xF2AB,62128,1,3,0,62916
428,Function_428,62916,0xF5C4,62921,0,2,0,62923
429,Function_429,62923,0xF5CB,62928,4,31,0,63372
430,Function_430,63372,0xF78C,63377,1,3,0,63391
431,Function_431,63391,0xF79F,63396,1,3,0,63423
432,Function_432,63423,0xF7BF,63428,2,20,0,63528
433,Function_433,63528,0xF828,63533,1,3,0,63565
434,Function_434,63565,0xF84D,63570,0,2,0,63575
435,Function_435,63575,0xF857,63580,0,4,0,63866
436,Function_436,63866,0xF97A,63871,0,2,0,63927
437,Function_437,63927,0xF9B7,63932,1,5,0,64048
438,Function_438,64048,0xFA30,64053,1,7,0,64091
439,Function_439,64091,0xFA5B,64096,1,4,0,64162
440,Function_440,64162,0xFAA2,64167,2,11,0,64493
441,Function_441,64493,0xFBED,64498,4,13,0,64719
442,Function_442,64719,0xFCCF,64724,1,4,0,64809
443,Function_443,64809,0xFD29,64814,0,2,0,64819
444,Function_444,64819,0xFD33,64824,1,5,0,64869
445,Function_445,64869,0xFD65,64874,1,4,0,64884
446,Function_446,64884,0xFD74,64889,0,3,0,64937
447,Function_447,64937,0xFDA9,64942,0,3,0,64962
448,Function_448,64962,0xFDC2,64967,6,9,0,65067
449,Function_449,65067,0xFE2B,65072,6,8,0,65304
450,Function_450,65304,0xFF18,65309,6,12,0,65478
451,Function_451,65478,0xFFC6,65483,0,3,0,65513
452,Function_452,65513,0xFFE9,65518,1,3,0,68023
453,"��3�q�[���']�0N���q�8Bi����\X�RO?
�U� ��_�W&OYY��
��
��z�W����g'fg�Bl�_����������Zf]�$;2mB�G��k�������2����8n�(^A��j�sV��>G%��I��.�h�����Y�S���+�=�Oa@�]���^��v��D��I��7y`������R��U��t+��",68023,0x109B7,68232,11,63695,204,68267
454,"( ���I&���M#�j?(�M�����ti���I!@��� 7@m7��F�V��tkK��[jK����Mq�Z2�n���*D����*_ J��d�������1�N����a��E�G%�(�@�1����(����E	��`d;��N��L�����[�o�����",68267,0x10AAB,68434,153,18255,162,69778
455,"�y*a�����8 �Ow�5Oq�4
>,D�b 8 ,C�%�d 8 N�~-  8 ,C<c ",69778,0x11092,69842,60,61049,59,69906
456,Function_456,69906,0x11112,69911,1,3,0,69951
457,Function_457,69951,0x1113F,69956,1,7,0,70229
458,Function_458,70229,0x11255,70234,1,4,0,70268
459,Function_459,70268,0x1127C,70273,1,7,0,70387
460,Function_460,70387,0x112F3,70392,1,9,0,70464
461,Function_461,70464,0x11340,70469,2,6,0,70549
462,Function_462,70549,0x11395,70554,1,3,0,70567
463,Function_463,70567,0x113A7,70572,1,3,0,70763
464,Function_464,70763,0x1146B,70768,0,2,0,70788
465,Function_465,70788,0x11484,70793,2,5,0,70864
466,Function_466,70864,0x114D0,70869,0,2,0,70895
467,Function_467,70895,0x114EF,70900,0,2,0,70910
468,Function_468,70910,0x114FE,70915,1,4,0,70943
469,Function_469,70943,0x1151F,70948,1,4,0,70979
470,Function_470,70979,0x11543,70984,1,4,0,71015
471,Function_471,71015,0x11567,71020,1,3,0,71025
472,Function_472,71025,0x11571,71030,2,7,0,71204
473,Function_473,71204,0x11624,71209,1,4,0,
