offset,offset_hex,operand_hex,native_index_bits,returns_flag,param_count_bits
408,0x198,02 00,2,0,1
418,0x1A2,08 01,264,0,4
421,0x1A5,00 02,512,0,0
425,0x1A9,02 03,770,0,1
470,0x1D6,00 04,1024,0,0
527,0x20F,05 05,1285,1,2
534,0x216,03 06,1539,1,1
546,0x222,05 07,1797,1,2
554,0x22A,03 08,2051,1,1
557,0x22D,03 09,2307,1,1
564,0x234,03 08,2051,1,1
567,0x237,03 09,2307,1,1
576,0x240,03 08,2051,1,1
579,0x243,03 09,2307,1,1
590,0x24E,00 0A,2560,0,0
610,0x262,03 0B,2819,1,1
621,0x26D,01 0C,3073,1,0
776,0x308,01 0D,3329,1,0
965,0x3C5,01 0E,3585,1,0
972,0x3CC,00 0F,3840,0,0
982,0x3D6,03 10,4099,1,1
1047,0x417,04 11,4356,0,2
1056,0x420,01 0D,3329,1,0
1092,0x444,0A 12,4618,0,5
1126,0x466,0E 13,4878,0,7
1159,0x487,0C 14,5132,0,6
1200,0x4B0,02 00,2,0,1
1218,0x4C2,01 0E,3585,1,0
1231,0x4CF,00 0F,3840,0,0
1245,0x4DD,01 15,5377,1,0
1250,0x4E2,03 16,5635,1,1
1306,0x51A,07 17,5895,1,3
1353,0x549,07 17,5895,1,3
1371,0x55B,02 18,6146,0,1
1402,0x57A,07 19,6407,1,3
1412,0x584,04 1A,6660,0,2
1437,0x59D,01 0D,3329,1,0
1463,0x5B7,07 1B,6919,1,3
1472,0x5C0,02 1C,7170,0,1
1480,0x5C8,06 1D,7430,0,3
1516,0x5EC,01 1E,7681,1,0
1524,0x5F4,01 1F,7937,1,0
1527,0x5F7,01 1E,7681,1,0
1578,0x62A,01 1E,7681,1,0
1589,0x635,01 1F,7937,1,0
1592,0x638,01 1E,7681,1,0
1647,0x66F,14 20,8212,0,10
1747,0x6D3,04 21,8452,0,2
1777,0x6F1,02 22,8706,0,1
1847,0x737,07 17,5895,1,3
1865,0x749,02 18,6146,0,1
1917,0x77D,05 23,8965,1,2
1977,0x7B9,07 17,5895,1,3
1995,0x7CB,02 18,6146,0,1
2015,0x7DF,03 24,9219,1,1
2095,0x82F,02 18,6146,0,1
2123,0x84B,02 18,6146,0,1
2143,0x85F,02 00,2,0,1
2178,0x882,03 25,9475,1,1
2181,0x885,04 11,4356,0,2
2255,0x8CF,02 18,6146,0,1
2275,0x8E3,02 00,2,0,1
2356,0x934,03 26,9731,1,1
2380,0x94C,02 18,6146,0,1
2409,0x969,03 26,9731,1,1
2438,0x986,02 18,6146,0,1
2466,0x9A2,03 26,9731,1,1
2494,0x9BE,02 18,6146,0,1
2519,0x9D7,03 26,9731,1,1
2544,0x9F0,02 18,6146,0,1
2570,0xA0A,03 26,9731,1,1
2596,0xA24,02 18,6146,0,1
2622,0xA3E,03 26,9731,1,1
2648,0xA58,02 18,6146,0,1
2674,0xA72,03 26,9731,1,1
2700,0xA8C,02 18,6146,0,1
2726,0xAA6,03 26,9731,1,1
2752,0xAC0,02 18,6146,0,1
2778,0xADA,03 26,9731,1,1
2804,0xAF4,02 18,6146,0,1
2831,0xB0F,02 18,6146,0,1
2851,0xB23,02 00,2,0,1
2897,0xB51,05 27,9989,1,2
2923,0xB6B,05 28,10245,1,2
2966,0xB96,03 29,10499,1,1
2986,0xBAA,01 0D,3329,1,0
3004,0xBBC,01 0E,3585,1,0
3044,0xBE4,01 0D,3329,1,0
3050,0xBEA,01 2A,10753,1,0
3053,0xBED,02 2B,11010,0,1
3059,0xBF3,01 0E,3585,1,0
3066,0xBFA,00 0F,3840,0,0
3079,0xC07,02 2C,11266,0,1
3085,0xC0D,00 04,1024,0,0
3088,0xC10,00 2D,11520,0,0
3091,0xC13,00 2E,11776,0,0
3112,0xC28,02 18,6146,0,1
3121,0xC31,00 2F,12032,0,0
3155,0xC53,02 18,6146,0,1
3183,0xC6F,02 18,6146,0,1
3205,0xC85,02 18,6146,0,1
3226,0xC9A,02 18,6146,0,1
3252,0xCB4,02 18,6146,0,1
3277,0xCCD,02 18,6146,0,1
3299,0xCE3,02 18,6146,0,1
3322,0xCFA,02 18,6146,0,1
3345,0xD11,02 18,6146,0,1
3368,0xD28,02 18,6146,0,1
3391,0xD3F,02 18,6146,0,1
3414,0xD56,02 18,6146,0,1
3441,0xD71,02 18,6146,0,1
3461,0xD85,02 00,2,0,1
3471,0xD8F,04 30,12292,0,2
3520,0xDC0,02 31,12546,0,1
3529,0xDC9,02 32,12802,0,1
3533,0xDCD,02 33,13058,0,1
3540,0xDD4,04 34,13316,0,2
3586,0xE02,05 35,13573,1,2
3600,0xE10,04 36,13828,0,2
3612,0xE1C,03 37,14083,1,1
3627,0xE2B,02 38,14338,0,1
3648,0xE40,02 39,14594,0,1
3652,0xE44,02 3A,14850,0,1
3656,0xE48,02 3B,15106,0,1
3663,0xE4F,08 01,264,0,4
3667,0xE53,02 3C,15362,0,1
3673,0xE59,03 3D,15619,1,1
3682,0xE62,02 3E,15874,0,1
3688,0xE68,03 3D,15619,1,1
3697,0xE71,02 3E,15874,0,1
3703,0xE77,02 3F,16130,0,1
3706,0xE7A,00 40,16384,0,0
3711,0xE7F,04 41,16644,0,2
3869,0xF1D,02 42,16898,0,1
3881,0xF29,02 43,17154,0,1
3894,0xF36,04 36,13828,0,2
3914,0xF4A,05 44,17413,1,2
3917,0xF4D,02 45,17666,0,1
3929,0xF59,02 46,17922,0,1
3949,0xF6D,05 44,17413,1,2
3952,0xF70,02 47,18178,0,1
3972,0xF84,05 44,17413,1,2
3975,0xF87,02 48,18434,0,1
3987,0xF93,02 49,18690,0,1
4000,0xFA0,05 44,17413,1,2
4003,0xFA3,02 4A,18946,0,1
4015,0xFAF,02 4B,19202,0,1
4122,0x101A,00 4C,19456,0,0
4125,0x101D,00 4D,19712,0,0
4290,0x10C2,01 4E,19969,1,0
4302,0x10CE,01 4F,20225,1,0
4366,0x110E,07 50,20487,1,3
4435,0x1153,05 27,9989,1,2
4468,0x1174,05 28,10245,1,2
4500,0x1194,02 51,20738,0,1
4509,0x119D,01 0D,3329,1,0
4516,0x11A4,01 0E,3585,1,0
4531,0x11B3,08 52,21000,0,4
4539,0x11BB,06 53,21254,0,3
4588,0x11EC,07 17,5895,1,3
4635,0x121B,07 17,5895,1,3
4682,0x124A,07 17,5895,1,3
4700,0x125C,02 00,2,0,1
4722,0x1272,05 35,13573,1,2
4736,0x1280,04 36,13828,0,2
4748,0x128C,03 37,14083,1,1
4763,0x129B,02 38,14338,0,1
4782,0x12AE,03 54,21507,1,1
4793,0x12B9,03 55,21763,1,1
4880,0x1310,03 56,22019,1,1
4904,0x1328,04 11,4356,0,2
4907,0x132B,01 57,22273,1,0
4914,0x1332,01 4F,20225,1,0
4919,0x1337,04 58,22532,0,2
4944,0x1350,03 56,22019,1,1
4951,0x1357,03 59,22787,1,1
4973,0x136D,01 4E,19969,1,0
4981,0x1375,01 4F,20225,1,0
4994,0x1382,01 4F,20225,1,0
5027,0x13A3,04 5A,23044,0,2
5041,0x13B1,03 5B,23299,1,1
5155,0x1423,03 26,9731,1,1
5189,0x1445,03 26,9731,1,1
5222,0x1466,03 26,9731,1,1
5252,0x1484,03 26,9731,1,1
5283,0x14A3,03 26,9731,1,1
5314,0x14C2,03 26,9731,1,1
5345,0x14E1,03 26,9731,1,1
5376,0x1500,03 26,9731,1,1
5407,0x151F,03 26,9731,1,1
5552,0x15B0,03 06,1539,1,1
5565,0x15BD,03 5C,23555,1,1
5606,0x15E6,03 25,9475,1,1
5726,0x165E,0E 5D,23822,0,7
5813,0x16B5,01 5E,24065,1,0
5841,0x16D1,03 5F,24323,1,1
5853,0x16DD,03 5F,24323,1,1
5865,0x16E9,03 5F,24323,1,1
5877,0x16F5,03 5F,24323,1,1
5889,0x1701,03 5F,24323,1,1
5901,0x170D,03 5F,24323,1,1
5913,0x1719,03 5F,24323,1,1
5925,0x1725,03 60,24579,1,1
5937,0x1731,03 60,24579,1,1
5949,0x173D,03 5F,24323,1,1
5962,0x174A,03 5F,24323,1,1
5975,0x1757,03 5F,24323,1,1
5987,0x1763,03 60,24579,1,1
6000,0x1770,03 5F,24323,1,1
6013,0x177D,03 5F,24323,1,1
6026,0x178A,03 5F,24323,1,1
6038,0x1796,03 60,24579,1,1
6049,0x17A1,03 60,24579,1,1
6061,0x17AD,03 60,24579,1,1
6073,0x17B9,03 60,24579,1,1
6085,0x17C5,03 60,24579,1,1
6103,0x17D7,03 61,24835,1,1
6154,0x180A,03 62,25091,1,1
6177,0x1821,05 63,25349,1,2
6196,0x1834,03 64,25603,1,1
6440,0x1928,02 65,25858,0,1
6462,0x193E,03 66,26115,1,1
6477,0x194D,03 67,26371,1,1
6552,0x1998,03 62,25091,1,1
6575,0x19AF,05 63,25349,1,2
6594,0x19C2,03 64,25603,1,1
6835,0x1AB3,02 65,25858,0,1
6857,0x1AC9,03 66,26115,1,1
6872,0x1AD8,03 67,26371,1,1
6940,0x1B1C,01 68,26625,1,0
6967,0x1B37,03 64,25603,1,1
7008,0x1B60,03 37,14083,1,1
7016,0x1B68,03 69,26883,1,1
7031,0x1B77,03 6A,27139,1,1
7046,0x1B86,05 6B,27397,1,2
7057,0x1B91,03 6C,27651,1,1
7081,0x1BA9,05 6D,27909,1,2
7113,0x1BC9,05 6E,28165,1,2
7142,0x1BE6,03 6F,28419,1,1
7167,0x1BFF,05 70,28677,1,2
7202,0x1C22,07 71,28935,1,3
7248,0x1C50,05 72,29189,1,2
7275,0x1C6B,03 73,29443,1,1
7312,0x1C90,03 74,29699,1,1
7339,0x1CAB,05 75,29957,1,2
7366,0x1CC6,05 6E,28165,1,2
7391,0x1CDF,03 76,30211,1,1
7406,0x1CEE,05 72,29189,1,2
7425,0x1D01,03 77,30467,1,1
7440,0x1D10,05 72,29189,1,2
7471,0x1D2F,03 78,30723,1,1
7498,0x1D4A,01 79,30977,1,0
7754,0x1E4A,02 65,25858,0,1
7860,0x1EB4,02 7A,31234,0,1
7870,0x1EBE,02 7A,31234,0,1
7873,0x1EC1,00 7B,31488,0,0
7996,0x1F3C,02 65,25858,0,1
8105,0x1FA9,02 7A,31234,0,1
8115,0x1FB3,02 7A,31234,0,1
8118,0x1FB6,00 7B,31488,0,0
8258,0x2042,02 65,25858,0,1
8272,0x2050,03 7C,31747,1,1
8283,0x205B,03 7C,31747,1,1
8293,0x2065,03 7C,31747,1,1
8318,0x207E,03 7C,31747,1,1
8347,0x209B,03 7D,32003,1,1
8350,0x209E,03 7E,32259,1,1
8362,0x20AA,07 7F,32519,1,3
8626,0x21B2,07 80,32775,1,3
8692,0x21F4,03 81,33027,1,1
8731,0x221B,03 7C,31747,1,1
8739,0x2223,03 7C,31747,1,1
8743,0x2227,03 81,33027,1,1
8773,0x2245,03 82,33283,1,1
8864,0x22A0,03 82,33283,1,1
8926,0x22DE,03 82,33283,1,1
8989,0x231D,03 82,33283,1,1
9029,0x2345,03 82,33283,1,1
9067,0x236B,03 7C,31747,1,1
9071,0x236F,03 81,33027,1,1
9099,0x238B,03 82,33283,1,1
9227,0x240B,03 81,33027,1,1
9241,0x2419,07 80,32775,1,3
9260,0x242C,03 81,33027,1,1
9263,0x242F,03 82,33283,1,1
9341,0x247D,03 81,33027,1,1
9355,0x248B,07 80,32775,1,3
9374,0x249E,03 81,33027,1,1
9377,0x24A1,03 82,33283,1,1
9459,0x24F3,03 56,22019,1,1
9479,0x2507,03 81,33027,1,1
9482,0x250A,03 82,33283,1,1
9499,0x251B,00 83,33536,0,0
9663,0x25BF,03 84,33795,1,1
9693,0x25DD,1A 85,34074,0,13
9727,0x25FF,03 06,1539,1,1
9776,0x2630,03 84,33795,1,1
9818,0x265A,1A 85,34074,0,13
9840,0x2670,03 84,33795,1,1
9867,0x268B,1A 85,34074,0,13
9880,0x2698,03 84,33795,1,1
9907,0x26B3,1A 85,34074,0,13
10026,0x272A,03 7E,32259,1,1
10064,0x2750,03 7E,32259,1,1
10149,0x27A5,03 7E,32259,1,1
10274,0x2822,03 81,33027,1,1
10296,0x2838,03 81,33027,1,1
10391,0x2897,02 65,25858,0,1
10574,0x294E,03 7D,32003,1,1
10588,0x295C,03 7D,32003,1,1
10608,0x2970,03 7D,32003,1,1
10625,0x2981,03 7D,32003,1,1
10701,0x29CD,02 65,25858,0,1
10752,0x2A00,02 65,25858,0,1
10882,0x2A82,02 7A,31234,0,1
10892,0x2A8C,02 7A,31234,0,1
10895,0x2A8F,00 7B,31488,0,0
10971,0x2ADB,02 86,34306,0,1
11084,0x2B4C,02 7A,31234,0,1
11094,0x2B56,02 7A,31234,0,1
11097,0x2B59,00 7B,31488,0,0
11173,0x2BA5,02 65,25858,0,1
11266,0x2C02,02 65,25858,0,1
11382,0x2C76,02 65,25858,0,1
11590,0x2D46,02 86,34306,0,1
11736,0x2DD8,02 86,34306,0,1
11806,0x2E1E,02 65,25858,0,1
11818,0x2E2A,03 81,33027,1,1
12254,0x2FDE,01 1E,7681,1,0
12262,0x2FE6,01 1E,7681,1,0
12274,0x2FF2,01 1E,7681,1,0
12283,0x2FFB,03 87,34563,1,1
12372,0x3054,02 65,25858,0,1
12466,0x30B2,02 7A,31234,0,1
12476,0x30BC,02 7A,31234,0,1
12479,0x30BF,00 7B,31488,0,0
12590,0x312E,02 65,25858,0,1
12696,0x3198,02 65,25858,0,1
12701,0x319D,03 88,34819,1,1
12784,0x31F0,03 7D,32003,1,1
12801,0x3201,07 89,35079,1,3
12930,0x3282,01 4E,19969,1,0
12940,0x328C,01 4F,20225,1,0
13007,0x32CF,03 25,9475,1,1
13026,0x32E2,03 06,1539,1,1
13039,0x32EF,03 5C,23555,1,1
13048,0x32F8,01 0D,3329,1,0
13054,0x32FE,01 0E,3585,1,0
13068,0x330C,04 8A,35332,0,2
13111,0x3337,03 7E,32259,1,1
13145,0x3359,02 00,2,0,1
13169,0x3371,03 3D,15619,1,1
13178,0x337A,02 3E,15874,0,1
13209,0x3399,07 8B,35591,1,3
13242,0x33BA,13 8C,35859,1,9
13449,0x3489,05 8D,36101,1,2
13754,0x35BA,02 65,25858,0,1
13837,0x360D,03 8E,36355,1,1
13894,0x3646,03 8E,36355,1,1
13935,0x366F,03 8F,36611,1,1
14018,0x36C2,06 90,36870,0,3
14022,0x36C6,02 2C,11266,0,1
14094,0x370E,06 90,36870,0,3
14143,0x373F,06 90,36870,0,3
14211,0x3783,0A 91,37130,0,5
14228,0x3794,0A 91,37130,0,5
14244,0x37A4,0A 91,37130,0,5
14260,0x37B4,04 92,37380,0,2
14275,0x37C3,02 93,37634,0,1
14287,0x37CF,03 25,9475,1,1
14290,0x37D2,04 11,4356,0,2
14326,0x37F6,03 7E,32259,1,1
14398,0x383E,06 90,36870,0,3
14402,0x3842,02 2C,11266,0,1
14440,0x3868,04 94,37892,0,2
14451,0x3873,04 95,38148,0,2
14463,0x387F,06 96,38406,0,3
14470,0x3886,04 97,38660,0,2
14480,0x3890,08 98,38920,0,4
14491,0x389B,0A 99,39178,0,5
14497,0x38A1,02 9A,39426,0,1
14561,0x38E1,03 9B,39683,1,1
14600,0x3908,05 9C,39941,1,2
14623,0x391F,07 9D,40199,1,3
14632,0x3928,05 9C,39941,1,2
14659,0x3943,01 1E,7681,1,0
14662,0x3946,07 9E,40455,1,3
14671,0x394F,01 1E,7681,1,0
14697,0x3969,05 28,10245,1,2
14730,0x398A,05 28,10245,1,2
14773,0x39B5,02 2C,11266,0,1
14781,0x39BD,03 9F,40707,1,1
14790,0x39C6,03 A0,40963,1,1
14808,0x39D8,05 A1,41221,1,2
14814,0x39DE,02 2C,11266,0,1
14834,0x39F2,03 37,14083,1,1
14854,0x3A06,02 A2,41474,0,1
14862,0x3A0E,02 38,14338,0,1
14884,0x3A24,03 A3,41731,1,1
14908,0x3A3C,03 A4,41987,1,1
14953,0x3A69,09 A5,42249,1,4
14963,0x3A73,04 A6,42500,0,2
14994,0x3A92,13 A7,42771,1,9
15004,0x3A9C,02 A8,43010,0,1
15014,0x3AA6,02 33,13058,0,1
15025,0x3AB1,04 34,13316,0,2
15033,0x3AB9,03 37,14083,1,1
15045,0x3AC5,04 92,37380,0,2
15054,0x3ACE,04 A9,43268,0,2
15104,0x3B00,02 65,25858,0,1
15130,0x3B1A,03 37,14083,1,1
15150,0x3B2E,02 38,14338,0,1
15172,0x3B44,03 A3,41731,1,1
15196,0x3B5C,03 A4,41987,1,1
15241,0x3B89,09 A5,42249,1,4
15251,0x3B93,04 A6,42500,0,2
15281,0x3BB1,13 A7,42771,1,9
15291,0x3BBB,02 A8,43010,0,1
15352,0x3BF8,05 AA,43525,1,2
15365,0x3C05,05 AA,43525,1,2
15374,0x3C0E,03 37,14083,1,1
15388,0x3C1C,08 AB,43784,0,4
15397,0x3C25,04 AC,44036,0,2
15408,0x3C30,06 AD,44294,0,3
15417,0x3C39,04 A9,43268,0,2
15467,0x3C6B,02 65,25858,0,1
15524,0x3CA4,03 3D,15619,1,1
15533,0x3CAD,02 3E,15874,0,1
15563,0x3CCB,13 8C,35859,1,9
15572,0x3CD4,03 3D,15619,1,1
15581,0x3CDD,02 3E,15874,0,1
15593,0x3CE9,03 7C,31747,1,1
15609,0x3CF9,03 A3,41731,1,1
15633,0x3D11,03 A4,41987,1,1
15698,0x3D52,09 A5,42249,1,4
15708,0x3D5C,04 A6,42500,0,2
15716,0x3D64,03 25,9475,1,1
15729,0x3D71,13 A7,42771,1,9
15736,0x3D78,02 A8,43010,0,1
15741,0x3D7D,03 37,14083,1,1
15783,0x3DA7,07 50,20487,1,3
15811,0x3DC3,07 50,20487,1,3
15822,0x3DCE,05 AE,44549,1,2
15829,0x3DD5,03 AF,44803,1,1
15837,0x3DDD,03 B0,45059,1,1
15844,0x3DE4,03 B1,45315,1,1
15875,0x3E03,0D B2,45581,1,6
15903,0x3E1F,0A B3,45834,0,5
15916,0x3E2C,04 AC,44036,0,2
15922,0x3E32,04 92,37380,0,2
15928,0x3E38,04 A9,43268,0,2
15934,0x3E3E,04 B4,46084,0,2
15940,0x3E44,04 B5,46340,0,2
15947,0x3E4B,04 B6,46596,0,2
15996,0x3E7C,02 65,25858,0,1
16045,0x3EAD,05 35,13573,1,2
16108,0x3EEC,03 8E,36355,1,1
16139,0x3F0B,06 B7,46854,0,3
16193,0x3F41,03 8E,36355,1,1
16224,0x3F60,06 B7,46854,0,3
16276,0x3F94,02 B8,47106,0,1
16314,0x3FBA,02 93,37634,0,1
16326,0x3FC6,03 25,9475,1,1
16329,0x3FC9,04 11,4356,0,2
16526,0x408E,03 A3,41731,1,1
16550,0x40A6,03 A4,41987,1,1
16629,0x40F5,09 A5,42249,1,4
16639,0x40FF,04 A6,42500,0,2
16647,0x4107,03 25,9475,1,1
16660,0x4114,13 A7,42771,1,9
16667,0x411B,02 A8,43010,0,1
16672,0x4120,03 37,14083,1,1
16778,0x418A,05 AA,43525,1,2
16795,0x419B,05 AA,43525,1,2
16804,0x41A4,08 AB,43784,0,4
16810,0x41AA,04 AC,44036,0,2
16818,0x41B2,06 AD,44294,0,3
16824,0x41B8,04 A9,43268,0,2
16873,0x41E9,02 65,25858,0,1
16907,0x420B,03 B9,47363,1,1
16965,0x4245,02 93,37634,0,1
16986,0x425A,04 11,4356,0,2
16994,0x4262,02 B8,47106,0,1
17002,0x426A,02 B8,47106,0,1
17150,0x42FE,03 7E,32259,1,1
17192,0x4328,02 B8,47106,0,1
17210,0x433A,02 B8,47106,0,1
17228,0x434C,02 B8,47106,0,1
17246,0x435E,02 B8,47106,0,1
17255,0x4367,01 BA,47617,1,0
17640,0x44E8,04 11,4356,0,2
17687,0x4517,04 11,4356,0,2
17708,0x452C,04 11,4356,0,2
17730,0x4542,04 BB,47876,0,2
17853,0x45BD,03 7E,32259,1,1
17897,0x45E9,03 7E,32259,1,1
17942,0x4616,03 7E,32259,1,1
17985,0x4641,03 7E,32259,1,1
18028,0x466C,03 7E,32259,1,1
18067,0x4693,03 7E,32259,1,1
18107,0x46BB,03 7E,32259,1,1
18146,0x46E2,03 7E,32259,1,1
18187,0x470B,03 7E,32259,1,1
18257,0x4751,03 26,9731,1,1
18292,0x4774,03 26,9731,1,1
18326,0x4796,03 26,9731,1,1
18357,0x47B5,03 26,9731,1,1
18390,0x47D6,03 26,9731,1,1
18423,0x47F7,03 26,9731,1,1
18456,0x4818,03 26,9731,1,1
18489,0x4839,03 26,9731,1,1
18522,0x485A,03 26,9731,1,1
18887,0x49C7,02 B8,47106,0,1
19855,0x4D8F,03 8E,36355,1,1
19932,0x4DDC,03 8E,36355,1,1
20150,0x4EB6,03 8E,36355,1,1
20216,0x4EF8,03 8E,36355,1,1
22685,0x589D,05 AE,44549,1,2
22692,0x58A4,03 AF,44803,1,1
22709,0x58B5,05 BC,48133,1,2
22724,0x58C4,05 BD,48389,1,2
22772,0x58F4,03 A4,41987,1,1
22798,0x590E,09 BE,48649,1,4
22892,0x596C,11 BF,48913,1,8
22904,0x5978,05 C0,49157,1,2
22994,0x59D2,11 BF,48913,1,8
23006,0x59DE,05 C0,49157,1,2
23096,0x5A38,11 BF,48913,1,8
23108,0x5A44,05 C0,49157,1,2
23198,0x5A9E,11 BF,48913,1,8
23210,0x5AAA,05 C0,49157,1,2
23300,0x5B04,11 BF,48913,1,8
23312,0x5B10,05 C0,49157,1,2
23402,0x5B6A,11 BF,48913,1,8
23414,0x5B76,05 C0,49157,1,2
23504,0x5BD0,11 BF,48913,1,8
23516,0x5BDC,05 C0,49157,1,2
23606,0x5C36,11 BF,48913,1,8
23618,0x5C42,05 C0,49157,1,2
23710,0x5C9E,11 BF,48913,1,8
23722,0x5CAA,05 C0,49157,1,2
23815,0x5D07,11 BF,48913,1,8
23827,0x5D13,05 C0,49157,1,2
23856,0x5D30,09 BE,48649,1,4
23941,0x5D85,11 BF,48913,1,8
23953,0x5D91,05 C0,49157,1,2
23977,0x5DA9,09 BE,48649,1,4
24082,0x5E12,11 BF,48913,1,8
24094,0x5E1E,05 C0,49157,1,2
24187,0x5E7B,11 BF,48913,1,8
24199,0x5E87,05 C0,49157,1,2
24300,0x5EEC,11 BF,48913,1,8
24312,0x5EF8,05 C0,49157,1,2
24341,0x5F15,09 BE,48649,1,4
24426,0x5F6A,11 BF,48913,1,8
24438,0x5F76,05 C0,49157,1,2
24519,0x5FC7,11 BF,48913,1,8
24531,0x5FD3,05 C0,49157,1,2
24612,0x6024,11 BF,48913,1,8
24624,0x6030,05 C0,49157,1,2
24705,0x6081,11 BF,48913,1,8
24717,0x608D,05 C0,49157,1,2
24798,0x60DE,11 BF,48913,1,8
24810,0x60EA,05 C0,49157,1,2
24891,0x613B,11 BF,48913,1,8
24903,0x6147,05 C0,49157,1,2
24984,0x6198,11 BF,48913,1,8
24996,0x61A4,05 C0,49157,1,2
25077,0x61F5,11 BF,48913,1,8
25089,0x6201,05 C0,49157,1,2
25172,0x6254,11 BF,48913,1,8
25184,0x6260,05 C0,49157,1,2
25268,0x62B4,11 BF,48913,1,8
25280,0x62C0,05 C0,49157,1,2
25364,0x6314,11 BF,48913,1,8
25376,0x6320,05 C0,49157,1,2
25400,0x6338,09 BE,48649,1,4
25492,0x6394,11 BF,48913,1,8
25504,0x63A0,05 C0,49157,1,2
25592,0x63F8,11 BF,48913,1,8
25604,0x6404,05 C0,49157,1,2
25692,0x645C,11 BF,48913,1,8
25704,0x6468,05 C0,49157,1,2
25792,0x64C0,11 BF,48913,1,8
25804,0x64CC,05 C0,49157,1,2
25892,0x6524,11 BF,48913,1,8
25904,0x6530,05 C0,49157,1,2
25992,0x6588,11 BF,48913,1,8
26004,0x6594,05 C0,49157,1,2
26092,0x65EC,11 BF,48913,1,8
26104,0x65F8,05 C0,49157,1,2
26192,0x6650,11 BF,48913,1,8
26204,0x665C,05 C0,49157,1,2
26294,0x66B6,11 BF,48913,1,8
26306,0x66C2,05 C0,49157,1,2
26397,0x671D,11 BF,48913,1,8
26409,0x6729,05 C0,49157,1,2
26500,0x6784,11 BF,48913,1,8
26512,0x6790,05 C0,49157,1,2
26537,0x67A9,09 BE,48649,1,4
26631,0x6807,11 BF,48913,1,8
26643,0x6813,05 C0,49157,1,2
26733,0x686D,11 BF,48913,1,8
26745,0x6879,05 C0,49157,1,2
26835,0x68D3,11 BF,48913,1,8
26847,0x68DF,05 C0,49157,1,2
26872,0x68F8,09 BE,48649,1,4
26968,0x6958,11 BF,48913,1,8
26980,0x6964,05 C0,49157,1,2
26992,0x6970,09 BE,48649,1,4
27078,0x69C6,13 C1,49427,1,9
27086,0x69CE,05 C0,49157,1,2
27142,0x6A06,13 C1,49427,1,9
27150,0x6A0E,05 C0,49157,1,2
27218,0x6A52,13 C1,49427,1,9
27226,0x6A5A,05 C0,49157,1,2
27306,0x6AAA,13 C1,49427,1,9
27314,0x6AB2,05 C0,49157,1,2
27380,0x6AF4,13 C1,49427,1,9
27388,0x6AFC,05 C0,49157,1,2
27446,0x6B36,13 C1,49427,1,9
27454,0x6B3E,05 C0,49157,1,2
27516,0x6B7C,13 C1,49427,1,9
27524,0x6B84,05 C0,49157,1,2
27592,0x6BC8,13 C1,49427,1,9
27600,0x6BD0,05 C0,49157,1,2
27670,0x6C16,13 C1,49427,1,9
27678,0x6C1E,05 C0,49157,1,2
27776,0x6C80,13 C1,49427,1,9
27784,0x6C88,05 C0,49157,1,2
27796,0x6C94,09 BE,48649,1,4
27888,0x6CF0,15 C2,49685,1,10
27896,0x6CF8,05 C0,49157,1,2
27992,0x6D58,15 C2,49685,1,10
28000,0x6D60,05 C0,49157,1,2
28088,0x6DB8,15 C2,49685,1,10
28096,0x6DC0,05 C0,49157,1,2
28160,0x6E00,15 C2,49685,1,10
28168,0x6E08,05 C0,49157,1,2
28232,0x6E48,15 C2,49685,1,10
28240,0x6E50,05 C0,49157,1,2
28308,0x6E94,15 C2,49685,1,10
28316,0x6E9C,05 C0,49157,1,2
28372,0x6ED4,15 C2,49685,1,10
28380,0x6EDC,05 C0,49157,1,2
28458,0x6F2A,15 C2,49685,1,10
28466,0x6F32,05 C0,49157,1,2
28554,0x6F8A,15 C2,49685,1,10
28562,0x6F92,05 C0,49157,1,2
28618,0x6FCA,15 C2,49685,1,10
28626,0x6FD2,05 C0,49157,1,2
28686,0x700E,15 C2,49685,1,10
28694,0x7016,05 C0,49157,1,2
28786,0x7072,15 C2,49685,1,10
28794,0x707A,05 C0,49157,1,2
28858,0x70BA,15 C2,49685,1,10
28866,0x70C2,05 C0,49157,1,2
28930,0x7102,15 C2,49685,1,10
28938,0x710A,05 C0,49157,1,2
29034,0x716A,15 C2,49685,1,10
29042,0x7172,05 C0,49157,1,2
29100,0x71AC,15 C2,49685,1,10
29108,0x71B4,05 C0,49157,1,2
29174,0x71F6,15 C2,49685,1,10
29182,0x71FE,05 C0,49157,1,2
29248,0x7240,15 C2,49685,1,10
29256,0x7248,05 C0,49157,1,2
29320,0x7288,15 C2,49685,1,10
29328,0x7290,05 C0,49157,1,2
29416,0x72E8,15 C2,49685,1,10
29424,0x72F0,05 C0,49157,1,2
29482,0x732A,15 C2,49685,1,10
29490,0x7332,05 C0,49157,1,2
29552,0x7370,15 C2,49685,1,10
29560,0x7378,05 C0,49157,1,2
29618,0x73B2,15 C2,49685,1,10
29626,0x73BA,05 C0,49157,1,2
29682,0x73F2,15 C2,49685,1,10
29690,0x73FA,05 C0,49157,1,2
29760,0x7440,15 C2,49685,1,10
29768,0x7448,05 C0,49157,1,2
29834,0x748A,15 C2,49685,1,10
29842,0x7492,05 C0,49157,1,2
29898,0x74CA,15 C2,49685,1,10
29906,0x74D2,05 C0,49157,1,2
29962,0x750A,15 C2,49685,1,10
29970,0x7512,05 C0,49157,1,2
30040,0x7558,15 C2,49685,1,10
30048,0x7560,05 C0,49157,1,2
30118,0x75A6,15 C2,49685,1,10
30126,0x75AE,05 C0,49157,1,2
30204,0x75FC,15 C2,49685,1,10
30212,0x7604,05 C0,49157,1,2
30270,0x763E,15 C2,49685,1,10
30278,0x7646,05 C0,49157,1,2
30348,0x768C,15 C2,49685,1,10
30356,0x7694,05 C0,49157,1,2
30426,0x76DA,15 C2,49685,1,10
30434,0x76E2,05 C0,49157,1,2
30504,0x7728,15 C2,49685,1,10
30512,0x7730,05 C0,49157,1,2
30578,0x7772,15 C2,49685,1,10
30586,0x777A,05 C0,49157,1,2
30664,0x77C8,15 C2,49685,1,10
30672,0x77D0,05 C0,49157,1,2
30738,0x7812,15 C2,49685,1,10
30746,0x781A,05 C0,49157,1,2
30816,0x7860,15 C2,49685,1,10
30824,0x7868,05 C0,49157,1,2
30931,0x78D3,01 1E,7681,1,0
31008,0x7920,02 65,25858,0,1
31094,0x7976,02 7A,31234,0,1
31120,0x7990,00 4C,19456,0,0
31123,0x7993,00 4D,19712,0,0
31126,0x7996,00 C3,49920,0,0
31129,0x7999,00 C4,50176,0,0
31153,0x79B1,02 18,6146,0,1
31162,0x79BA,01 1E,7681,1,0
31201,0x79E1,03 10,4099,1,1
31210,0x79EA,02 2B,11010,0,1
31213,0x79ED,01 C5,50433,1,0
31284,0x7A34,01 0D,3329,1,0
31351,0x7A77,03 10,4099,1,1
31366,0x7A86,02 2B,11010,0,1
31414,0x7AB6,01 0C,3073,1,0
31431,0x7AC7,02 2C,11266,0,1
31436,0x7ACC,01 4E,19969,1,0
31446,0x7AD6,04 41,16644,0,2
31449,0x7AD9,00 C6,50688,0,0
31453,0x7ADD,02 C7,50946,0,1
31802,0x7C3A,09 C8,51209,1,4
31826,0x7C52,09 C8,51209,1,4
31850,0x7C6A,09 C8,51209,1,4
31874,0x7C82,09 C8,51209,1,4
31898,0x7C9A,09 C8,51209,1,4
31922,0x7CB2,09 C8,51209,1,4
31946,0x7CCA,09 C8,51209,1,4
31973,0x7CE5,03 A4,41987,1,1
32010,0x7D0A,02 33,13058,0,1
32036,0x7D24,03 8E,36355,1,1
32139,0x7D8B,03 8E,36355,1,1
32252,0x7DFC,0B C9,51467,1,5
32338,0x7E52,02 CA,51714,0,1
32342,0x7E56,02 3A,14850,0,1
32346,0x7E5A,02 3B,15106,0,1
32350,0x7E5E,02 31,12546,0,1
32357,0x7E65,08 01,264,0,4
32426,0x7EAA,02 B8,47106,0,1
32455,0x7EC7,02 B8,47106,0,1
32480,0x7EE0,02 93,37634,0,1
32509,0x7EFD,02 B8,47106,0,1
32534,0x7F16,02 93,37634,0,1
32563,0x7F33,02 B8,47106,0,1
32588,0x7F4C,02 93,37634,0,1
33020,0x80FC,03 10,4099,1,1
33040,0x8110,02 2B,11010,0,1
33325,0x822D,08 01,264,0,4
33332,0x8234,04 30,12292,0,2
33357,0x824D,04 A9,43268,0,2
33362,0x8252,03 CB,51971,1,1
33366,0x8256,04 CC,52228,0,2
33371,0x825B,03 CD,52483,1,1
33404,0x827C,03 CE,52739,1,1
33411,0x8283,03 A3,41731,1,1
33438,0x829E,0F CF,53007,1,7
33470,0x82BE,0A D0,53258,0,5
33504,0x82E0,05 D1,53509,1,2
33521,0x82F1,10 D2,53776,0,8
33543,0x8307,04 A6,42500,0,2
33561,0x8319,04 A6,42500,0,2
33590,0x8336,17 D3,54039,1,11
33609,0x8349,02 A8,43010,0,1
33614,0x834E,03 37,14083,1,1
33627,0x835B,03 D4,54275,1,1
33632,0x8360,02 3C,15362,0,1
33638,0x8366,06 D5,54534,0,3
33673,0x8389,01 4E,19969,1,0
33679,0x838F,01 4F,20225,1,0
33732,0x83C4,0B D6,54795,1,5
33743,0x83CF,0B D6,54795,1,5
33786,0x83FA,03 D7,55043,1,1
33805,0x840D,09 D8,55305,1,4
33925,0x8485,03 7D,32003,1,1
33942,0x8496,03 7D,32003,1,1
33959,0x84A7,03 7D,32003,1,1
33962,0x84AA,0E D9,55566,0,7
34237,0x85BD,02 65,25858,0,1
34326,0x8616,02 7A,31234,0,1
34336,0x8620,02 7A,31234,0,1
34339,0x8623,00 7B,31488,0,0
34409,0x8669,02 65,25858,0,1
34550,0x86F6,02 65,25858,0,1
34555,0x86FB,03 B9,47363,1,1
34569,0x8709,03 7C,31747,1,1
34600,0x8728,03 7C,31747,1,1
34648,0x8758,04 DA,55812,0,2
34719,0x879F,04 DB,56068,0,2
34729,0x87A9,04 DC,56324,0,2
34734,0x87AE,03 37,14083,1,1
34744,0x87B8,03 24,9219,1,1
34750,0x87BE,04 DD,56580,0,2
34768,0x87D0,04 DE,56836,0,2
34774,0x87D6,04 DF,57092,0,2
34781,0x87DD,06 E0,57350,0,3
34787,0x87E3,04 B4,46084,0,2
34792,0x87E8,02 E1,57602,0,1
34797,0x87ED,02 E2,57858,0,1
34802,0x87F2,02 E3,58114,0,1
34815,0x87FF,06 E4,58374,0,3
34822,0x8806,06 E4,58374,0,3
34830,0x880E,06 E4,58374,0,3
34845,0x881D,0A 91,37130,0,5
34854,0x8826,0A 91,37130,0,5
34864,0x8830,0A 91,37130,0,5
34876,0x883C,08 E5,58632,0,4
34889,0x8849,08 E5,58632,0,4
34894,0x884E,03 E6,58883,1,1
34901,0x8855,02 E7,59138,0,1
34906,0x885A,02 E8,59394,0,1
34911,0x885F,02 E9,59650,0,1
34916,0x8864,04 EA,59908,0,2
34921,0x8869,04 EB,60164,0,2
34926,0x886E,04 EC,60420,0,2
34931,0x8873,04 ED,60676,0,2
34937,0x8879,06 EE,60934,0,3
34943,0x887F,06 EF,61190,0,3
34948,0x8884,04 F0,61444,0,2
34959,0x888F,04 F1,61700,0,2
34967,0x8897,04 F1,61700,0,2
35131,0x893B,03 F2,61955,1,1
35163,0x895B,03 37,14083,1,1
35171,0x8963,03 F3,62211,1,1
35189,0x8975,05 F4,62469,1,2
35195,0x897B,05 F4,62469,1,2
35215,0x898F,03 F5,62723,1,1
35235,0x89A3,05 F6,62981,1,2
35255,0x89B7,03 F7,63235,1,1
35276,0x89CC,03 9F,40707,1,1
35282,0x89D2,03 F8,63491,1,1
35304,0x89E8,03 F9,63747,1,1
35324,0x89FC,03 FA,64003,1,1
35344,0x8A10,03 FB,64259,1,1
35354,0x8A1A,03 FC,64515,1,1
35606,0x8B16,08 FD,64776,0,4
35673,0x8B59,03 82,33283,1,1
35676,0x8B5C,04 FE,65028,0,2
35704,0x8B78,03 82,33283,1,1
35707,0x8B7B,04 FE,65028,0,2
35735,0x8B97,03 82,33283,1,1
35738,0x8B9A,04 FE,65028,0,2
35751,0x8BA7,0A FF,65290,0,5
35782,0x8BC6,43 00,67,1,1
35791,0x8BCF,44 01,324,0,2
35798,0x8BD6,44 02,580,0,2
35808,0x8BE0,42 03,834,0,1
35870,0x8C1E,03 82,33283,1,1
35953,0x8C71,41 04,1089,1,0
36148,0x8D34,45 05,1349,1,2
36164,0x8D44,42 06,1602,0,1
36190,0x8D5E,06 B7,46854,0,3
36210,0x8D72,05 44,17413,1,2
36214,0x8D76,44 07,1860,0,2
36226,0x8D82,42 08,2114,0,1
36246,0x8D96,05 44,17413,1,2
36249,0x8D99,43 09,2371,1,1
36270,0x8DAE,05 44,17413,1,2
36273,0x8DB1,42 0A,2626,0,1
36285,0x8DBD,42 0B,2882,0,1
36298,0x8DCA,05 44,17413,1,2
36301,0x8DCD,42 0C,3138,0,1
36313,0x8DD9,42 0D,3394,0,1
36466,0x8E72,43 0E,3651,1,1
36496,0x8E90,43 0F,3907,1,1
36527,0x8EAF,05 35,13573,1,2
36565,0x8ED5,05 44,17413,1,2
36568,0x8ED8,43 10,4163,1,1
36598,0x8EF6,43 11,4419,1,1
36636,0x8F1C,05 44,17413,1,2
36639,0x8F1F,43 12,4675,1,1
36677,0x8F45,05 44,17413,1,2
36680,0x8F48,03 5B,23299,1,1
36710,0x8F66,43 13,4931,1,1
36741,0x8F85,05 44,17413,1,2
36744,0x8F88,43 14,5187,1,1
36774,0x8FA6,43 15,5443,1,1
36858,0x8FFA,01 1E,7681,1,0
36922,0x903A,01 2A,10753,1,0
37014,0x9096,01 1E,7681,1,0
37234,0x9172,02 65,25858,0,1
37260,0x918C,45 16,5701,1,2
37488,0x9270,02 65,25858,0,1
37501,0x927D,03 AF,44803,1,1
37510,0x9286,42 17,5954,0,1
38854,0x97C6,43 18,6211,1,1
38861,0x97CD,43 19,6467,1,1
38868,0x97D4,03 9F,40707,1,1
38873,0x97D9,03 37,14083,1,1
38882,0x97E2,02 A2,41474,0,1
38887,0x97E7,03 37,14083,1,1
38895,0x97EF,42 1A,6722,0,1
38903,0x97F7,03 37,14083,1,1
38911,0x97FF,02 38,14338,0,1
38928,0x9810,43 1B,6979,1,1
39189,0x9915,45 1C,7237,1,2
39233,0x9941,45 1C,7237,1,2
39293,0x997D,07 17,5895,1,3
39300,0x9984,45 1C,7237,1,2
39325,0x999D,45 1C,7237,1,2
39340,0x99AC,41 1D,7489,1,0
39398,0x99E6,42 1E,7746,0,1
39800,0x9B78,42 1F,8002,0,1
39893,0x9BD5,42 1F,8002,0,1
39970,0x9C22,42 1F,8002,0,1
40139,0x9CCB,03 29,10499,1,1
40191,0x9CFF,03 26,9731,1,1
40241,0x9D31,07 17,5895,1,3
40367,0x9DAF,03 AF,44803,1,1
40488,0x9E28,49 20,8265,1,4
40510,0x9E3E,43 21,8515,1,1
40516,0x9E44,45 22,8773,1,2
40532,0x9E54,54 23,9044,0,10
40549,0x9E65,45 24,9285,1,2
40573,0x9E7D,45 24,9285,1,2
40597,0x9E95,44 25,9540,0,2
40608,0x9EA0,4D 26,9805,1,6
40641,0x9EC1,42 27,10050,0,1
40646,0x9EC6,42 27,10050,0,1
40653,0x9ECD,45 28,10309,1,2
40713,0x9F09,49 29,10569,1,4
40726,0x9F16,4D 2A,10829,1,6
40740,0x9F24,49 29,10569,1,4
40756,0x9F34,44 2B,11076,0,2
40767,0x9F3F,44 2C,11332,0,2
40778,0x9F4A,44 2D,11588,0,2
40790,0x9F56,46 2E,11846,0,3
40797,0x9F5D,44 2F,12100,0,2
40807,0x9F67,48 30,12360,0,4
40818,0x9F72,4A 31,12618,0,5
40824,0x9F78,42 32,12866,0,1
40858,0x9F9A,03 26,9731,1,1
40882,0x9FB2,45 33,13125,1,2
40916,0x9FD4,03 26,9731,1,1
40948,0x9FF4,45 33,13125,1,2
40985,0xA019,03 26,9731,1,1
41017,0xA039,45 33,13125,1,2
41072,0xA070,03 26,9731,1,1
41098,0xA08A,45 33,13125,1,2
41128,0xA0A8,03 26,9731,1,1
41153,0xA0C1,45 33,13125,1,2
41189,0xA0E5,03 26,9731,1,1
41226,0xA10A,45 33,13125,1,2
41314,0xA162,45 33,13125,1,2
41349,0xA185,03 26,9731,1,1
41378,0xA1A2,45 33,13125,1,2
41410,0xA1C2,03 26,9731,1,1
41436,0xA1DC,45 33,13125,1,2
41469,0xA1FD,03 26,9731,1,1
41496,0xA218,45 33,13125,1,2
41529,0xA239,03 26,9731,1,1
41556,0xA254,45 33,13125,1,2
41589,0xA275,03 26,9731,1,1
41616,0xA290,45 33,13125,1,2
41649,0xA2B1,03 26,9731,1,1
41676,0xA2CC,45 33,13125,1,2
41709,0xA2ED,03 26,9731,1,1
41736,0xA308,45 33,13125,1,2
41774,0xA32E,03 26,9731,1,1
41810,0xA352,02 93,37634,0,1
41888,0xA3A0,02 B8,47106,0,1
41924,0xA3C4,02 93,37634,0,1
42093,0xA46D,02 B8,47106,0,1
42129,0xA491,02 93,37634,0,1
42174,0xA4BE,05 23,8965,1,2
42246,0xA506,49 34,13385,1,4
42297,0xA539,03 25,9475,1,1
42301,0xA53D,49 34,13385,1,4
42348,0xA56C,07 17,5895,1,3
42480,0xA5F0,02 B8,47106,0,1
42516,0xA614,02 93,37634,0,1
42561,0xA641,05 23,8965,1,2
42633,0xA689,49 34,13385,1,4
42684,0xA6BC,03 25,9475,1,1
42688,0xA6C0,49 34,13385,1,4
42735,0xA6EF,07 17,5895,1,3
42885,0xA785,03 CE,52739,1,1
42892,0xA78C,03 A3,41731,1,1
42963,0xA7D3,02 65,25858,0,1
42969,0xA7D9,43 35,13635,1,1
42976,0xA7E0,43 36,13891,1,1
43051,0xA82B,02 65,25858,0,1
43058,0xA832,44 37,14148,0,2
43065,0xA839,43 38,14403,1,1
43068,0xA83C,44 39,14660,0,2
43073,0xA841,43 3A,14915,1,1
43080,0xA848,03 AF,44803,1,1
43088,0xA850,43 3B,15171,1,1
43095,0xA857,03 AF,44803,1,1
43114,0xA86A,43 3C,15427,1,1
43124,0xA874,42 3D,15682,0,1
43278,0xA90E,03 AF,44803,1,1
43320,0xA938,47 3E,15943,1,3
43363,0xA963,47 3E,15943,1,3
43388,0xA97C,47 3E,15943,1,3
43415,0xA997,03 29,10499,1,1
43446,0xA9B6,47 3E,15943,1,3
43472,0xA9D0,02 18,6146,0,1
43484,0xA9DC,49 3F,16201,1,4
43493,0xA9E5,49 40,16457,1,4
43503,0xA9EF,49 41,16713,1,4
43530,0xAA0A,02 18,6146,0,1
43565,0xAA2D,47 3E,15943,1,3
43596,0xAA4C,03 26,9731,1,1
43632,0xAA70,03 26,9731,1,1
43673,0xAA99,03 26,9731,1,1
43694,0xAAAE,03 26,9731,1,1
43721,0xAAC9,03 26,9731,1,1
43747,0xAAE3,03 26,9731,1,1
43770,0xAAFA,03 26,9731,1,1
43794,0xAB12,03 26,9731,1,1
43818,0xAB2A,03 26,9731,1,1
43842,0xAB42,03 26,9731,1,1
43866,0xAB5A,03 26,9731,1,1
43890,0xAB72,03 26,9731,1,1
43938,0xABA2,47 3E,15943,1,3
43982,0xABCE,47 3E,15943,1,3
44014,0xABEE,45 33,13125,1,2
44077,0xAC2D,47 3E,15943,1,3
44126,0xAC5E,07 17,5895,1,3
44165,0xAC85,47 3E,15943,1,3
44206,0xACAE,47 3E,15943,1,3
44255,0xACDF,07 17,5895,1,3
44294,0xAD06,47 3E,15943,1,3
44335,0xAD2F,47 3E,15943,1,3
44382,0xAD5E,47 3E,15943,1,3
44431,0xAD8F,07 17,5895,1,3
44476,0xADBC,47 3E,15943,1,3
44525,0xADED,07 17,5895,1,3
44553,0xAE09,03 37,14083,1,1
44561,0xAE11,43 42,16963,1,1
44683,0xAE8B,03 25,9475,1,1
44753,0xAED1,03 25,9475,1,1
46007,0xB3B7,43 43,17219,1,1
46010,0xB3BA,43 44,17475,1,1
46393,0xB539,46 45,17734,0,3
46550,0xB5D6,03 06,1539,1,1
46675,0xB653,03 56,22019,1,1
46678,0xB656,04 FE,65028,0,2
46699,0xB66B,04 FE,65028,0,2
47097,0xB7F9,45 46,17989,1,2
47140,0xB824,45 47,18245,1,2
47224,0xB878,03 37,14083,1,1
47239,0xB887,02 38,14338,0,1
