archive,entry_index,entry_path,offset,offset_hex,value,target_offset,target_hex
fragments2.rpf,2,root/0xE60ADCAC/0x02290D41,16,0x00000010,0x50000F00,3840,0x00000F00
fragments2.rpf,2,root/0xE60ADCAC/0x02290D41,24,0x00000018,0x50000CA0,3232,0x00000CA0
fragments2.rpf,2,root/0xE60ADCAC/0x02290D41,36,0x00000024,0x50000F10,3856,0x00000F10
fragments2.rpf,2,root/0xE60ADCAC/0x02290D41,48,0x00000030,0x50000F20,3872,0x00000F20
fragments2.rpf,2,root/0xE60ADCAC/0x02290D41,60,0x0000003C,0x50000F30,3888,0x00000F30
fragments2.rpf,2,root/0xE60ADCAC/0x02290D41,72,0x00000048,0x50000F40,3904,0x00000F40
fragments2.rpf,2,root/0xE60ADCAC/0x02290D41,84,0x00000054,0x50000F50,3920,0x00000F50
fragments2.rpf,2,root/0xE60ADCAC/0x02290D41,96,0x00000060,0x50000F60,3936,0x00000F60
fragments2.rpf,2,root/0xE60ADCAC/0x02290D41,108,0x0000006C,0x50000F70,3952,0x00000F70
fragments2.rpf,2,root/0xE60ADCAC/0x02290D41,120,0x00000078,0x50000F80,3968,0x00000F80
fragments2.rpf,2,root/0xE60ADCAC/0x02290D41,132,0x00000084,0x50000F90,3984,0x00000F90
fragments2.rpf,2,root/0xE60ADCAC/0x02290D41,144,0x00000090,0x50000FA0,4000,0x00000FA0
fragments2.rpf,2,root/0xE60ADCAC/0x02290D41,156,0x0000009C,0x50000FB0,4016,0x00000FB0
fragments2.rpf,2,root/0xE60ADCAC/0x02290D41,168,0x000000A8,0x50000FC0,4032,0x00000FC0
fragments2.rpf,2,root/0xE60ADCAC/0x02290D41,180,0x000000B4,0x50000FD0,4048,0x00000FD0
fragments2.rpf,2,root/0xE60ADCAC/0x02290D41,192,0x000000C0,0x50000FE0,4064,0x00000FE0
fragments2.rpf,2,root/0xE60ADCAC/0x02290D41,204,0x000000CC,0x50000FF0,4080,0x00000FF0
fragments2.rpf,2,root/0xE60ADCAC/0x02290D41,216,0x000000D8,0x50001000,4096,0x00001000
fragments2.rpf,2,root/0xE60ADCAC/0x02290D41,228,0x000000E4,0x50001010,4112,0x00001010
fragments2.rpf,2,root/0xE60ADCAC/0x02290D41,240,0x000000F0,0x50001020,4128,0x00001020
fragments2.rpf,2,root/0xE60ADCAC/0x02290D41,252,0x000000FC,0x50001030,4144,0x00001030
fragments2.rpf,2,root/0xE60ADCAC/0x02290D41,264,0x00000108,0x50001040,4160,0x00001040
fragments2.rpf,2,root/0xE60ADCAC/0x02290D41,276,0x00000114,0x50001050,4176,0x00001050
fragments2.rpf,2,root/0xE60ADCAC/0x02290D41,288,0x00000120,0x50001060,4192,0x00001060
fragments2.rpf,2,root/0xE60ADCAC/0x02290D41,300,0x0000012C,0x50001070,4208,0x00001070
fragments2.rpf,2,root/0xE60ADCAC/0x02290D41,312,0x00000138,0x50001080,4224,0x00001080
fragments2.rpf,2,root/0xE60ADCAC/0x02290D41,324,0x00000144,0x50001090,4240,0x00001090
fragments2.rpf,2,root/0xE60ADCAC/0x02290D41,336,0x00000150,0x500010A0,4256,0x000010A0
fragments2.rpf,2,root/0xE60ADCAC/0x02290D41,348,0x0000015C,0x500010B0,4272,0x000010B0
fragments2.rpf,2,root/0xE60ADCAC/0x02290D41,360,0x00000168,0x500010C0,4288,0x000010C0
fragments2.rpf,3,root/0xE60ADCAC/0x035977ED,16,0x00000010,0x50000D40,3392,0x00000D40
fragments2.rpf,3,root/0xE60ADCAC/0x035977ED,24,0x00000018,0x50000CC0,3264,0x00000CC0
fragments2.rpf,3,root/0xE60ADCAC/0x035977ED,36,0x00000024,0x50000F40,3904,0x00000F40
fragments2.rpf,3,root/0xE60ADCAC/0x035977ED,48,0x00000030,0x50000F50,3920,0x00000F50
fragments2.rpf,3,root/0xE60ADCAC/0x035977ED,60,0x0000003C,0x50000F60,3936,0x00000F60
fragments2.rpf,3,root/0xE60ADCAC/0x035977ED,72,0x00000048,0x50000F70,3952,0x00000F70
fragments2.rpf,3,root/0xE60ADCAC/0x035977ED,84,0x00000054,0x50000F80,3968,0x00000F80
fragments2.rpf,3,root/0xE60ADCAC/0x035977ED,96,0x00000060,0x50000F90,3984,0x00000F90
fragments2.rpf,3,root/0xE60ADCAC/0x035977ED,108,0x0000006C,0x50000FA0,4000,0x00000FA0
fragments2.rpf,3,root/0xE60ADCAC/0x035977ED,120,0x00000078,0x50000FB0,4016,0x00000FB0
fragments2.rpf,3,root/0xE60ADCAC/0x035977ED,132,0x00000084,0x50000FC0,4032,0x00000FC0
fragments2.rpf,3,root/0xE60ADCAC/0x035977ED,144,0x00000090,0x50000FD0,4048,0x00000FD0
fragments2.rpf,3,root/0xE60ADCAC/0x035977ED,156,0x0000009C,0x50000FE0,4064,0x00000FE0
fragments2.rpf,3,root/0xE60ADCAC/0x035977ED,168,0x000000A8,0x50000FF0,4080,0x00000FF0
fragments2.rpf,3,root/0xE60ADCAC/0x035977ED,180,0x000000B4,0x50001000,4096,0x00001000
fragments2.rpf,3,root/0xE60ADCAC/0x035977ED,192,0x000000C0,0x50001010,4112,0x00001010
fragments2.rpf,3,root/0xE60ADCAC/0x035977ED,204,0x000000CC,0x50001020,4128,0x00001020
fragments2.rpf,3,root/0xE60ADCAC/0x035977ED,216,0x000000D8,0x50001030,4144,0x00001030
fragments2.rpf,3,root/0xE60ADCAC/0x035977ED,228,0x000000E4,0x50001040,4160,0x00001040
fragments2.rpf,3,root/0xE60ADCAC/0x035977ED,240,0x000000F0,0x50001050,4176,0x00001050
fragments2.rpf,3,root/0xE60ADCAC/0x035977ED,252,0x000000FC,0x50001060,4192,0x00001060
fragments2.rpf,3,root/0xE60ADCAC/0x035977ED,264,0x00000108,0x50001070,4208,0x00001070
fragments2.rpf,3,root/0xE60ADCAC/0x035977ED,276,0x00000114,0x50001080,4224,0x00001080
fragments2.rpf,3,root/0xE60ADCAC/0x035977ED,288,0x00000120,0x50001090,4240,0x00001090
fragments2.rpf,3,root/0xE60ADCAC/0x035977ED,300,0x0000012C,0x500010A0,4256,0x000010A0
fragments2.rpf,3,root/0xE60ADCAC/0x035977ED,312,0x00000138,0x500010B0,4272,0x000010B0
fragments2.rpf,3,root/0xE60ADCAC/0x035977ED,324,0x00000144,0x500010C0,4288,0x000010C0
fragments2.rpf,3,root/0xE60ADCAC/0x035977ED,336,0x00000150,0x500010D0,4304,0x000010D0
fragments2.rpf,3,root/0xE60ADCAC/0x035977ED,348,0x0000015C,0x500010E0,4320,0x000010E0
fragments2.rpf,3,root/0xE60ADCAC/0x035977ED,360,0x00000168,0x500010F0,4336,0x000010F0
fragments2.rpf,4,root/0xE60ADCAC/0x04EA6EC0,8,0x00000008,0x501D7B20,1932064,0x001D7B20
fragments2.rpf,4,root/0xE60ADCAC/0x04EA6EC0,12,0x0000000C,0x501BFB10,1833744,0x001BFB10
fragments2.rpf,4,root/0xE60ADCAC/0x04EA6EC0,106292,0x00019F34,0x50000000,0,0x00000000
fragments2.rpf,4,root/0xE60ADCAC/0x04EA6EC0,334532,0x00051AC4,0x5000090D,2317,0x0000090D
fragments2.rpf,4,root/0xE60ADCAC/0x04EA6EC0,349116,0x000553BC,0x50000202,514,0x00000202
fragments2.rpf,4,root/0xE60ADCAC/0x04EA6EC0,668836,0x000A34A4,0x50009CD8,40152,0x00009CD8
fragments2.rpf,4,root/0xE60ADCAC/0x04EA6EC0,747560,0x000B6828,0x50005460,21600,0x00005460
fragments2.rpf,4,root/0xE60ADCAC/0x04EA6EC0,747568,0x000B6830,0x50005C80,23680,0x00005C80
fragments2.rpf,4,root/0xE60ADCAC/0x04EA6EC0,755904,0x000B88C0,0x50001000,4096,0x00001000
fragments2.rpf,4,root/0xE60ADCAC/0x04EA6EC0,761864,0x000BA008,0x500056E0,22240,0x000056E0
fragments2.rpf,4,root/0xE60ADCAC/0x04EA6EC0,769280,0x000BBD00,0x50006800,26624,0x00006800
fragments2.rpf,4,root/0xE60ADCAC/0x04EA6EC0,775688,0x000BD608,0x50009F80,40832,0x00009F80
fragments2.rpf,4,root/0xE60ADCAC/0x04EA6EC0,777440,0x000BDCE0,0x50003CE0,15584,0x00003CE0
fragments2.rpf,4,root/0xE60ADCAC/0x04EA6EC0,778464,0x000BE0E0,0x50003500,13568,0x00003500
fragments2.rpf,4,root/0xE60ADCAC/0x04EA6EC0,780504,0x000BE8D8,0x50005800,22528,0x00005800
fragments2.rpf,4,root/0xE60ADCAC/0x04EA6EC0,787492,0x000C0424,0x5008AA01,567809,0x0008AA01
fragments2.rpf,4,root/0xE60ADCAC/0x04EA6EC0,835892,0x000CC134,0x500EB6BE,964286,0x000EB6BE
fragments2.rpf,4,root/0xE60ADCAC/0x04EA6EC0,850528,0x000CFA60,0x50003000,12288,0x00003000
fragments2.rpf,4,root/0xE60ADCAC/0x04EA6EC0,850536,0x000CFA68,0x50003000,12288,0x00003000
fragments2.rpf,4,root/0xE60ADCAC/0x04EA6EC0,850888,0x000CFBC8,0x50003000,12288,0x00003000
fragments2.rpf,4,root/0xE60ADCAC/0x04EA6EC0,1049888,0x00100520,0x50127A84,1211012,0x00127A84
fragments2.rpf,4,root/0xE60ADCAC/0x04EA6EC0,1057744,0x001023D0,0x501D748E,1930382,0x001D748E
fragments2.rpf,4,root/0xE60ADCAC/0x04EA6EC0,1080944,0x00107E70,0x501E6992,1993106,0x001E6992
fragments2.rpf,4,root/0xE60ADCAC/0x04EA6EC0,1081088,0x00107F00,0x50187178,1601912,0x00187178
fragments2.rpf,4,root/0xE60ADCAC/0x04EA6EC0,1095344,0x0010B6B0,0x5006848D,427149,0x0006848D
fragments2.rpf,4,root/0xE60ADCAC/0x04EA6EC0,1095556,0x0010B784,0x50055866,350310,0x00055866
fragments2.rpf,4,root/0xE60ADCAC/0x04EA6EC0,1099248,0x0010C5F0,0x50156970,1403248,0x00156970
fragments2.rpf,4,root/0xE60ADCAC/0x04EA6EC0,1108432,0x0010E9D0,0x5012687D,1206397,0x0012687D
fragments2.rpf,4,root/0xE60ADCAC/0x04EA6EC0,1109856,0x0010EF60,0x5002828F,164495,0x0002828F
fragments2.rpf,4,root/0xE60ADCAC/0x04EA6EC0,1116080,0x001107B0,0x50031688,202376,0x00031688
